title,island,locality,price,beds,size,link,date
3 Bedroom Apartment in Icod,Tenerife,Icod,143000,3,120,https://www.kyero.com/en/property/7948302-apartment-for-sale-icod,2020-09-19
2 Bedroom Apartment in La Victoria De Acentejo,Tenerife,La Victoria De Acentejo,91500,2,72,https://www.kyero.com/en/property/7915306-apartment-for-sale-la-victoria-de-acentejo,2020-09-19
2 Bedroom Apartment in Poris De Abona,Tenerife,Poris De Abona,140000,2,57,https://www.kyero.com/en/property/7887872-apartment-for-sale-poris-de-abona,2020-09-19
3 Bedroom Apartment in Los Abrigos,Tenerife,Los Abrigos,135000,3,90,https://www.kyero.com/en/property/7615379-apartment-for-sale-los-abrigos,2020-09-19
2 Bedroom Apartment in Los Abrigos,Tenerife,Los Abrigos,145000,2,86,https://www.kyero.com/en/property/7449638-apartment-for-sale-los-abrigos,2020-09-19
2 Bedroom Apartment in Los Silos,Tenerife,Los Silos,99900,2,75,https://www.kyero.com/en/property/7069553-apartment-for-sale-los-silos,2020-09-19
2 Bedroom Apartment in Adeje,Tenerife,Adeje,144900,2,110,https://www.kyero.com/en/property/7095716-apartment-for-sale-adeje,2020-09-19
2 Bedroom Apartment in Los Silos,Tenerife,Los Silos,86000,2,68,https://www.kyero.com/en/property/6862398-apartment-for-sale-los-silos,2020-09-19
4 Bedroom Apartment in La Laguna,Tenerife,La Laguna,109900,4,125,https://www.kyero.com/en/property/7746021-apartment-for-sale-la-laguna,2020-09-19
3 Bedroom Apartment in Granadilla de Abona,Tenerife,Granadilla de Abona,125000,3,87,https://www.kyero.com/en/property/6911524-apartment-for-sale-granadilla-de-abona,2020-09-19
2 Bedroom Apartment in San Miguel De Abona,Tenerife,San Miguel De Abona,129000,2,71,https://www.kyero.com/en/property/7807809-apartment-for-sale-san-miguel-de-abona,2020-09-19
3 Bedroom Apartment in Santa Cruz De Tenerife,Tenerife,Santa Cruz De Tenerife,95000,3,94,https://www.kyero.com/en/property/6628756-apartment-for-sale-santa-cruz-de-tenerife,2020-09-19
2 Bedroom Apartment in Playa Paraiso,Tenerife,Playa Paraiso,145000,2,64,https://www.kyero.com/en/property/7580717-apartment-for-sale-playa-paraiso,2020-09-19
2 Bedroom Apartment in Granadilla,Tenerife,Granadilla,103950,2,58,https://www.kyero.com/en/property/7935012-apartment-for-sale-granadilla,2020-09-19
2 Bedroom Apartment in Costa Del Silencio,Tenerife,Costa Del Silencio,149000,2,60,https://www.kyero.com/en/property/7549571-apartment-for-sale-costa-del-silencio,2020-09-19
2 Bedroom Apartment in Playa San Juan,Tenerife,Playa San Juan,135000,2,71,https://www.kyero.com/en/property/5439332-apartment-for-sale-playa-san-juan,2020-09-19
2 Bedroom Apartment in Granadilla de Abona,Tenerife,Granadilla de Abona,69900,2,105,https://www.kyero.com/en/property/6763148-apartment-for-sale-granadilla-de-abona,2020-09-19
2 Bedroom Apartment in Granadilla,Tenerife,Granadilla,136000,2,75,https://www.kyero.com/en/property/6628998-apartment-for-sale-granadilla,2020-09-19
3 Bedroom Apartment in Arona,Tenerife,Arona,96000,3,78,https://www.kyero.com/en/property/7032368-apartment-for-sale-arona,2020-09-19
2 Bedroom Apartment in Adeje,Tenerife,Adeje,137900,2,62,https://www.kyero.com/en/property/7566832-apartment-for-sale-adeje,2020-09-19
3 Bedroom Apartment in Icod,Tenerife,Icod,143000,3,120,https://www.kyero.com/en/property/7948302-apartment-for-sale-icod,2020-09-19
2 Bedroom Apartment in La Victoria De Acentejo,Tenerife,La Victoria De Acentejo,91500,2,72,https://www.kyero.com/en/property/7915306-apartment-for-sale-la-victoria-de-acentejo,2020-09-19
2 Bedroom Apartment in Poris De Abona,Tenerife,Poris De Abona,140000,2,57,https://www.kyero.com/en/property/7887872-apartment-for-sale-poris-de-abona,2020-09-19
3 Bedroom Apartment in Los Abrigos,Tenerife,Los Abrigos,135000,3,90,https://www.kyero.com/en/property/7615379-apartment-for-sale-los-abrigos,2020-09-19
2 Bedroom Apartment in Los Abrigos,Tenerife,Los Abrigos,145000,2,86,https://www.kyero.com/en/property/7449638-apartment-for-sale-los-abrigos,2020-09-19
2 Bedroom Apartment in Los Silos,Tenerife,Los Silos,99900,2,75,https://www.kyero.com/en/property/7069553-apartment-for-sale-los-silos,2020-09-19
2 Bedroom Apartment in Adeje,Tenerife,Adeje,144900,2,110,https://www.kyero.com/en/property/7095716-apartment-for-sale-adeje,2020-09-19
2 Bedroom Apartment in Los Silos,Tenerife,Los Silos,86000,2,68,https://www.kyero.com/en/property/6862398-apartment-for-sale-los-silos,2020-09-19
4 Bedroom Apartment in La Laguna,Tenerife,La Laguna,109900,4,125,https://www.kyero.com/en/property/7746021-apartment-for-sale-la-laguna,2020-09-19
3 Bedroom Apartment in Granadilla de Abona,Tenerife,Granadilla de Abona,125000,3,87,https://www.kyero.com/en/property/6911524-apartment-for-sale-granadilla-de-abona,2020-09-19
2 Bedroom Apartment in San Miguel De Abona,Tenerife,San Miguel De Abona,129000,2,71,https://www.kyero.com/en/property/7807809-apartment-for-sale-san-miguel-de-abona,2020-09-19
3 Bedroom Apartment in Santa Cruz De Tenerife,Tenerife,Santa Cruz De Tenerife,95000,3,94,https://www.kyero.com/en/property/6628756-apartment-for-sale-santa-cruz-de-tenerife,2020-09-19
2 Bedroom Apartment in Playa Paraiso,Tenerife,Playa Paraiso,145000,2,64,https://www.kyero.com/en/property/7580717-apartment-for-sale-playa-paraiso,2020-09-19
2 Bedroom Apartment in Granadilla,Tenerife,Granadilla,103950,2,58,https://www.kyero.com/en/property/7935012-apartment-for-sale-granadilla,2020-09-19
2 Bedroom Apartment in Costa Del Silencio,Tenerife,Costa Del Silencio,149000,2,60,https://www.kyero.com/en/property/7549571-apartment-for-sale-costa-del-silencio,2020-09-19
2 Bedroom Apartment in Playa San Juan,Tenerife,Playa San Juan,135000,2,71,https://www.kyero.com/en/property/5439332-apartment-for-sale-playa-san-juan,2020-09-19
2 Bedroom Apartment in Granadilla de Abona,Tenerife,Granadilla de Abona,69900,2,105,https://www.kyero.com/en/property/6763148-apartment-for-sale-granadilla-de-abona,2020-09-19
2 Bedroom Apartment in Granadilla,Tenerife,Granadilla,136000,2,75,https://www.kyero.com/en/property/6628998-apartment-for-sale-granadilla,2020-09-19
3 Bedroom Apartment in Arona,Tenerife,Arona,96000,3,78,https://www.kyero.com/en/property/7032368-apartment-for-sale-arona,2020-09-19
2 Bedroom Apartment in Adeje,Tenerife,Adeje,137900,2,62,https://www.kyero.com/en/property/7566832-apartment-for-sale-adeje,2020-09-19
3 Bedroom Apartment in Icod de los Vinos,Tenerife,Icod de los Vinos,110000,3,90,https://www.kyero.com/en/property/5515160-apartment-for-sale-icod-de-los-vinos,2020-09-19
2 Bedroom Apartment in Granadilla,Tenerife,Granadilla,140000,2,99,https://www.kyero.com/en/property/6628753-apartment-for-sale-granadilla,2020-09-19
2 Bedroom Apartment in Las Galletas,Tenerife,Las Galletas,150000,2,83,https://www.kyero.com/en/property/6842696-apartment-for-sale-las-galletas,2020-09-19
2 Bedroom Apartment in Playa Paraiso,Tenerife,Playa Paraiso,142000,2,60,https://www.kyero.com/en/property/7217269-apartment-for-sale-playa-paraiso,2020-09-19
3 Bedroom Apartment in Puerto De La Cruz,Tenerife,Puerto De La Cruz,85000,3,90,https://www.kyero.com/en/property/7370697-apartment-for-sale-puerto-de-la-cruz,2020-09-19
3 Bedroom Apartment in Icod,Tenerife,Icod,111000,3,900,https://www.kyero.com/en/property/6772727-apartment-for-sale-icod,2020-09-19
3 Bedroom Apartment in Arona,Tenerife,Arona,143000,3,146,https://www.kyero.com/en/property/7743904-apartment-for-sale-arona,2020-09-19
2 Bedroom Apartment in Valle De San Lorenzo,Tenerife,Valle De San Lorenzo,119000,2,71,https://www.kyero.com/en/property/5439077-apartment-for-sale-valle-de-san-lorenzo,2020-09-19
3 Bedroom Apartment in Candelaria,Tenerife,Candelaria,118000,3,88,https://www.kyero.com/en/property/7507883-apartment-for-sale-candelaria,2020-09-19
4 Bedroom Apartment in Santa Cruz De Tenerife,Tenerife,Santa Cruz De Tenerife,120000,4,109,https://www.kyero.com/en/property/6628971-apartment-for-sale-santa-cruz-de-tenerife,2020-09-19
2 Bedroom Apartment in Valle De San Lorenzo,Tenerife,Valle De San Lorenzo,128500,2,67,https://www.kyero.com/en/property/7420146-apartment-for-sale-valle-de-san-lorenzo,2020-09-19
3 Bedroom Apartment in Icod de los Vinos,Tenerife,Icod de los Vinos,110000,3,88,https://www.kyero.com/en/property/7246789-apartment-for-sale-icod-de-los-vinos,2020-09-19
3 Bedroom Apartment in La Laguna,Tenerife,La Laguna,119900,3,97,https://www.kyero.com/en/property/7768796-apartment-for-sale-la-laguna,2020-09-19
3 Bedroom Apartment in Buenavista Del Norte,Tenerife,Buenavista Del Norte,120000,3,95,https://www.kyero.com/en/property/7661825-apartment-for-sale-buenavista-del-norte,2020-09-19
2 Bedroom Apartment in Costa Del Silencio,Tenerife,Costa Del Silencio,140000,2,53,https://www.kyero.com/en/property/7265470-apartment-for-sale-costa-del-silencio,2020-09-19
3 Bedroom Apartment in La Laguna,Tenerife,La Laguna,120000,3,112,https://www.kyero.com/en/property/7567259-apartment-for-sale-la-laguna,2020-09-19
3 Bedroom Apartment in Santiago Del Teide,Tenerife,Santiago Del Teide,120000,3,96,https://www.kyero.com/en/property/6700050-apartment-for-sale-santiago-del-teide,2020-09-19
2 Bedroom Apartment in Santa Cruz De Tenerife,Tenerife,Santa Cruz De Tenerife,88900,2,85,https://www.kyero.com/en/property/7322642-apartment-for-sale-santa-cruz-de-tenerife,2020-09-19
3 Bedroom Apartment in Santiago Del Teide,Tenerife,Santiago Del Teide,100000,3,85,https://www.kyero.com/en/property/7308106-apartment-for-sale-santiago-del-teide,2020-09-19
2 Bedroom Apartment in Playa Paraiso,Tenerife,Playa Paraiso,125000,2,60,https://www.kyero.com/en/property/6962282-apartment-for-sale-playa-paraiso,2020-09-19
3 Bedroom Apartment in Santa Cruz De Tenerife,Tenerife,Santa Cruz De Tenerife,135000,3,90,https://www.kyero.com/en/property/7034034-apartment-for-sale-santa-cruz-de-tenerife,2020-09-19
2 Bedroom Apartment in Puerto Santiago-Los Gigantes,Tenerife,Puerto Santiago-Los Gigantes,148000,2,48,https://www.kyero.com/en/property/6971374-apartment-for-sale-puerto-santiago-los-gigantes,2020-09-19
3 Bedroom Apartment in La Laguna,Tenerife,La Laguna,129000,3,159,https://www.kyero.com/en/property/6629035-apartment-for-sale-la-laguna,2020-09-19
3 Bedroom Apartment in Icod,Tenerife,Icod,150000,3,111,https://www.kyero.com/en/property/6628734-apartment-for-sale-icod,2020-09-19
3 Bedroom Apartment in San Juan De La Rambla,Tenerife,San Juan De La Rambla,77000,3,90,https://www.kyero.com/en/property/7111772-apartment-for-sale-san-juan-de-la-rambla,2020-09-19
3 Bedroom Apartment in San Miguel De Abona,Tenerife,San Miguel De Abona,119000,3,80,https://www.kyero.com/en/property/6940953-apartment-for-sale-san-miguel-de-abona,2020-09-19
3 Bedroom Apartment in Guia De Isora,Tenerife,Guia De Isora,117000,3,92,https://www.kyero.com/en/property/7262476-apartment-for-sale-guia-de-isora,2020-09-19
3 Bedroom Apartment in La Victoria De Acentejo,Tenerife,La Victoria De Acentejo,105000,3,109,https://www.kyero.com/en/property/7768786-apartment-for-sale-la-victoria-de-acentejo,2020-09-19
2 Bedroom Apartment in Puerto Santiago-Los Gigantes,Tenerife,Puerto Santiago-Los Gigantes,139000,2,75,https://www.kyero.com/en/property/6987235-apartment-for-sale-puerto-santiago-los-gigantes,2020-09-19
2 Bedroom Apartment in Granadilla,Tenerife,Granadilla,129000,2,78,https://www.kyero.com/en/property/7872507-apartment-for-sale-granadilla,2020-09-19
3 Bedroom Apartment in Icod,Tenerife,Icod,70000,3,105,https://www.kyero.com/en/property/6628747-apartment-for-sale-icod,2020-09-19
2 Bedroom Apartment in Arona,Tenerife,Arona,150000,2,70,https://www.kyero.com/en/property/7708057-apartment-for-sale-arona,2020-09-19
3 Bedroom Apartment in Los Realejos,Tenerife,Los Realejos,150000,3,107,https://www.kyero.com/en/property/6628732-apartment-for-sale-los-realejos,2020-09-19
3 Bedroom Apartment in Guimar,Tenerife,Guimar,143000,3,112,https://www.kyero.com/en/property/7378926-apartment-for-sale-guimar,2020-09-19
2 Bedroom Apartment in Santa Cruz De Tenerife,Tenerife,Santa Cruz De Tenerife,139000,2,78,https://www.kyero.com/en/property/7653412-apartment-for-sale-santa-cruz-de-tenerife,2020-09-19
3 Bedroom Apartment in La Laguna,Tenerife,La Laguna,129000,3,118,https://www.kyero.com/en/property/6975944-apartment-for-sale-la-laguna,2020-09-19
3 Bedroom Apartment in La Laguna,Tenerife,La Laguna,108600,3,94,https://www.kyero.com/en/property/7391596-apartment-for-sale-la-laguna,2020-09-19
2 Bedroom Apartment in Tacoronte,Tenerife,Tacoronte,145000,2,92,https://www.kyero.com/en/property/6624230-apartment-for-sale-tacoronte,2020-09-19
2 Bedroom Apartment in La Parque Reina,Tenerife,La Parque Reina,150000,2,80,https://www.kyero.com/en/property/6529445-apartment-for-sale-la-parque-reina,2020-09-19
2 Bedroom Apartment in Puerto De Santiago,Tenerife,Puerto De Santiago,119000,2,45,https://www.kyero.com/en/property/7941081-apartment-for-sale-puerto-de-santiago,2020-09-19
2 Bedroom Apartment in Granadilla,Tenerife,Granadilla,70000,2,105,https://www.kyero.com/en/property/7887354-apartment-for-sale-granadilla,2020-09-19
2 Bedroom Apartment in Costa Del Silencio,Tenerife,Costa Del Silencio,115000,2,47,https://www.kyero.com/en/property/7851425-apartment-for-sale-costa-del-silencio,2020-09-19
3 Bedroom Apartment in La Orotava,Tenerife,La Orotava,100200,3,133,https://www.kyero.com/en/property/7557875-apartment-for-sale-la-orotava,2020-09-19
2 Bedroom Apartment in Arona,Tenerife,Arona,110000,2,65,https://www.kyero.com/en/property/6628788-apartment-for-sale-arona,2020-09-19
2 Bedroom Apartment in San Isidro De Abona,Tenerife,San Isidro De Abona,87150,2,50,https://www.kyero.com/en/property/7572310-apartment-for-sale-san-isidro-de-abona,2020-09-19
2 Bedroom Apartment in Arona,Tenerife,Arona,104000,2,48,https://www.kyero.com/en/property/7790758-apartment-for-sale-arona,2020-09-19
2 Bedroom Apartment in Granadilla,Tenerife,Granadilla,102299,2,72,https://www.kyero.com/en/property/7870615-apartment-for-sale-granadilla,2020-09-19
2 Bedroom Apartment in Arona,Tenerife,Arona,127000,2,111,https://www.kyero.com/en/property/7683275-apartment-for-sale-arona,2020-09-19
2 Bedroom Apartment in Arona,Tenerife,Arona,145000,2,71,https://www.kyero.com/en/property/7892847-apartment-for-sale-arona,2020-09-19
3 Bedroom Apartment in Icod,Tenerife,Icod,120000,3,106,https://www.kyero.com/en/property/7634887-apartment-for-sale-icod,2020-09-19
3 Bedroom Apartment in Los Realejos,Tenerife,Los Realejos,91000,3,76,https://www.kyero.com/en/property/6628710-apartment-for-sale-los-realejos,2020-09-19
2 Bedroom Apartment in Buenavista Del Norte,Tenerife,Buenavista Del Norte,83000,2,61,https://www.kyero.com/en/property/5592177-apartment-for-sale-buenavista-del-norte,2020-09-19
3 Bedroom Apartment in Garachico,Tenerife,Garachico,119000,3,92,https://www.kyero.com/en/property/6628598-apartment-for-sale-garachico,2020-09-19
2 Bedroom Apartment in Golf Del Sur,Tenerife,Golf Del Sur,129950,2,68,https://www.kyero.com/en/property/7600400-apartment-for-sale-golf-del-sur,2020-09-19
3 Bedroom Apartment in Santa Cruz De Tenerife,Tenerife,Santa Cruz De Tenerife,74328,3,87,https://www.kyero.com/en/property/6628776-apartment-for-sale-santa-cruz-de-tenerife,2020-09-19
2 Bedroom Apartment in La Laguna,Tenerife,La Laguna,99900,2,80,https://www.kyero.com/en/property/7870614-apartment-for-sale-la-laguna,2020-09-19
3 Bedroom Apartment in Los Realejos,Tenerife,Los Realejos,121000,3,97,https://www.kyero.com/en/property/7630482-apartment-for-sale-los-realejos,2020-09-19
3 Bedroom Apartment in Icod,Tenerife,Icod,85000,3,84,https://www.kyero.com/en/property/6449703-apartment-for-sale-icod,2020-09-19
3 Bedroom Apartment in La Laguna,Tenerife,La Laguna,106600,3,99,https://www.kyero.com/en/property/7391597-apartment-for-sale-la-laguna,2020-09-19
2 Bedroom Apartment in La Laguna,Tenerife,La Laguna,130000,2,76,https://www.kyero.com/en/property/7247387-apartment-for-sale-la-laguna,2020-09-19
2 Bedroom Apartment in Santa Cruz De Tenerife,Tenerife,Santa Cruz De Tenerife,119400,2,77,https://www.kyero.com/en/property/7548447-apartment-for-sale-santa-cruz-de-tenerife,2020-09-19
3 Bedroom Apartment in La Orotava,Tenerife,La Orotava,96000,3,113,https://www.kyero.com/en/property/7620388-apartment-for-sale-la-orotava,2020-09-19
3 Bedroom Apartment in Bocacangrejo (Taco),Tenerife,Bocacangrejo (Taco),94500,3,84,https://www.kyero.com/en/property/7246807-apartment-for-sale-bocacangrejo-taco,2020-09-19
2 Bedroom Apartment in San Miguel De Abona,Tenerife,San Miguel De Abona,122000,2,60,https://www.kyero.com/en/property/7254818-apartment-for-sale-san-miguel-de-abona,2020-09-19
2 Bedroom Apartment in Costa Del Silencio,Tenerife,Costa Del Silencio,137000,2,70,https://www.kyero.com/en/property/6772417-apartment-for-sale-costa-del-silencio,2020-09-19
4 Bedroom Apartment in Icod,Tenerife,Icod,105000,4,136,https://www.kyero.com/en/property/6529584-apartment-for-sale-icod,2020-09-19
2 Bedroom Apartment in Santa Cruz De Tenerife,Tenerife,Santa Cruz De Tenerife,39900,2,43,https://www.kyero.com/en/property/7592917-apartment-for-sale-santa-cruz-de-tenerife,2020-09-19
3 Bedroom Apartment in Tamaimo,Tenerife,Tamaimo,131500,3,130,https://www.kyero.com/en/property/7288750-apartment-for-sale-tamaimo,2020-09-19
2 Bedroom Penthouse in Arona,Tenerife,Arona,115000,2,95,https://www.kyero.com/en/property/7367394-apartment-for-sale-arona,2020-09-19
4 Bedroom Apartment in Santa Cruz De Tenerife,Tenerife,Santa Cruz De Tenerife,58900,4,102,https://www.kyero.com/en/property/7049623-apartment-for-sale-santa-cruz-de-tenerife,2020-09-19
2 Bedroom Penthouse in Adeje,Tenerife,Adeje,149000,2,120,https://www.kyero.com/en/property/7714672-apartment-for-sale-adeje,2020-09-19
3 Bedroom Apartment in Arona,Tenerife,Arona,88000,3,89,https://www.kyero.com/en/property/7269954-apartment-for-sale-arona,2020-09-19
3 Bedroom Apartment in Santa Cruz De Tenerife,Tenerife,Santa Cruz De Tenerife,99990,3,92,https://www.kyero.com/en/property/7324929-apartment-for-sale-santa-cruz-de-tenerife,2020-09-19
2 Bedroom Apartment in Los Realejos,Tenerife,Los Realejos,94800,2,69,https://www.kyero.com/en/property/7652754-apartment-for-sale-los-realejos,2020-09-19
2 Bedroom Apartment in Icod,Tenerife,Icod,105000,2,83,https://www.kyero.com/en/property/6629229-apartment-for-sale-icod,2020-09-19
2 Bedroom Apartment in Los Realejos,Tenerife,Los Realejos,108000,2,104,https://www.kyero.com/en/property/7276260-apartment-for-sale-los-realejos,2020-09-19
2 Bedroom Apartment in Playa Paraiso,Tenerife,Playa Paraiso,149000,2,64,https://www.kyero.com/en/property/7744238-apartment-for-sale-playa-paraiso,2020-09-19
3 Bedroom Apartment in Valle De San Lorenzo,Tenerife,Valle De San Lorenzo,136000,3,95,https://www.kyero.com/en/property/7254767-apartment-for-sale-valle-de-san-lorenzo,2020-09-19
2 Bedroom Apartment in Guimar,Tenerife,Guimar,79900,2,146,https://www.kyero.com/en/property/6628688-apartment-for-sale-guimar,2020-09-19
3 Bedroom Apartment in La Laguna,Tenerife,La Laguna,145000,3,82,https://www.kyero.com/en/property/6912113-apartment-for-sale-la-laguna,2020-09-19
2 Bedroom Apartment in Los Realejos,Tenerife,Los Realejos,109000,2,66,https://www.kyero.com/en/property/7354321-apartment-for-sale-los-realejos,2020-09-19
3 Bedroom Apartment in Guia De Isora,Tenerife,Guia De Isora,93000,3,84,https://www.kyero.com/en/property/7442232-apartment-for-sale-guia-de-isora,2020-09-19
3 Bedroom Apartment in Puerto De Santiago,Tenerife,Puerto De Santiago,140000,3,70,https://www.kyero.com/en/property/7295160-apartment-for-sale-puerto-de-santiago,2020-09-19
4 Bedroom Apartment in Santa Cruz De Tenerife,Tenerife,Santa Cruz De Tenerife,99000,4,109,https://www.kyero.com/en/property/6628696-apartment-for-sale-santa-cruz-de-tenerife,2020-09-19
2 Bedroom Apartment in Arona,Tenerife,Arona,98000,2,58,https://www.kyero.com/en/property/7237563-apartment-for-sale-arona,2020-09-19
2 Bedroom Apartment in Valle De San Lorenzo,Tenerife,Valle De San Lorenzo,142400,2,70,https://www.kyero.com/en/property/6903798-apartment-for-sale-valle-de-san-lorenzo,2020-09-19
2 Bedroom Apartment in Arona,Tenerife,Arona,116500,2,47,https://www.kyero.com/en/property/7538360-apartment-for-sale-arona,2020-09-19
2 Bedroom Apartment in Los Silos,Tenerife,Los Silos,85000,2,78,https://www.kyero.com/en/property/7507899-apartment-for-sale-los-silos,2020-09-19
2 Bedroom Apartment in Valle De San Lorenzo,Tenerife,Valle De San Lorenzo,110000,2,65,https://www.kyero.com/en/property/6529444-apartment-for-sale-valle-de-san-lorenzo,2020-09-19
3 Bedroom Apartment in Santa Cruz De Tenerife,Tenerife,Santa Cruz De Tenerife,100000,3,87,https://www.kyero.com/en/property/7507909-apartment-for-sale-santa-cruz-de-tenerife,2020-09-19
3 Bedroom Apartment in Adeje,Tenerife,Adeje,134000,3,85,https://www.kyero.com/en/property/7657712-apartment-for-sale-adeje,2020-09-19
2 Bedroom Apartment in Arona,Tenerife,Arona,85400,2,140,https://www.kyero.com/en/property/7757570-apartment-for-sale-arona,2020-09-19
3 Bedroom Apartment in La Orotava,Tenerife,La Orotava,79000,3,80,https://www.kyero.com/en/property/7708050-apartment-for-sale-la-orotava,2020-09-19
2 Bedroom Apartment in Costa Del Silencio,Tenerife,Costa Del Silencio,125000,2,55,https://www.kyero.com/en/property/7258255-apartment-for-sale-costa-del-silencio,2020-09-19
3 Bedroom Apartment in Guia De Isora,Tenerife,Guia De Isora,138000,3,77,https://www.kyero.com/en/property/6927851-apartment-for-sale-guia-de-isora,2020-09-19
3 Bedroom Apartment in Los Realejos,Tenerife,Los Realejos,113800,3,87,https://www.kyero.com/en/property/7276255-apartment-for-sale-los-realejos,2020-09-19
3 Bedroom Apartment in Guaza,Tenerife,Guaza,105000,3,100,https://www.kyero.com/en/property/6529443-apartment-for-sale-guaza,2020-09-19
2 Bedroom Apartment in La Laguna,Tenerife,La Laguna,89700,2,53,https://www.kyero.com/en/property/6637968-apartment-for-sale-la-laguna,2020-09-19
2 Bedroom Apartment in Candelaria,Tenerife,Candelaria,92000,2,81,https://www.kyero.com/en/property/7808691-apartment-for-sale-candelaria,2020-09-19
4 Bedroom Apartment in Santa Cruz De Tenerife,Tenerife,Santa Cruz De Tenerife,145000,4,120,https://www.kyero.com/en/property/7572489-apartment-for-sale-santa-cruz-de-tenerife,2020-09-19
4 Bedroom Apartment in Santa Cruz De Tenerife,Tenerife,Santa Cruz De Tenerife,144900,4,102,https://www.kyero.com/en/property/6629097-apartment-for-sale-santa-cruz-de-tenerife,2020-09-19
3 Bedroom Apartment in Santa Cruz De Tenerife,Tenerife,Santa Cruz De Tenerife,110000,3,115,https://www.kyero.com/en/property/7391593-apartment-for-sale-santa-cruz-de-tenerife,2020-09-19
2 Bedroom Apartment in Torviscas,Tenerife,Torviscas,147000,2,58,https://www.kyero.com/en/property/6945347-apartment-for-sale-torviscas,2020-09-19
3 Bedroom Apartment in Arona,Tenerife,Arona,100500,3,133,https://www.kyero.com/en/property/7566831-apartment-for-sale-arona,2020-09-19
3 Bedroom Apartment in Candelaria,Tenerife,Candelaria,149900,3,120,https://www.kyero.com/en/property/6862389-apartment-for-sale-candelaria,2020-09-19
3 Bedroom Apartment in Puerto De Santiago,Tenerife,Puerto De Santiago,134500,3,54,https://www.kyero.com/en/property/6736377-apartment-for-sale-puerto-de-santiago,2020-09-19
3 Bedroom Apartment in Santa Ursula,Tenerife,Santa Ursula,105000,3,100,https://www.kyero.com/en/property/7378927-apartment-for-sale-santa-ursula,2020-09-19
2 Bedroom Apartment in Tacoronte,Tenerife,Tacoronte,110000,2,60,https://www.kyero.com/en/property/6628720-apartment-for-sale-tacoronte,2020-09-19
3 Bedroom Apartment in Icod,Tenerife,Icod,99000,3,103,https://www.kyero.com/en/property/7538352-apartment-for-sale-icod,2020-09-19
4 Bedroom Apartment in La Laguna,Tenerife,La Laguna,125000,4,119,https://www.kyero.com/en/property/7655797-apartment-for-sale-la-laguna,2020-09-19
2 Bedroom Apartment in Los Abrigos,Tenerife,Los Abrigos,144950,2,62,https://www.kyero.com/en/property/5439227-apartment-for-sale-los-abrigos,2020-09-19
2 Bedroom Apartment in San Isidro De Abona,Tenerife,San Isidro De Abona,130000,2,73,https://www.kyero.com/en/property/7246854-apartment-for-sale-san-isidro-de-abona,2020-09-19
2 Bedroom Apartment in La Laguna,Tenerife,La Laguna,69000,2,53,https://www.kyero.com/en/property/7276280-apartment-for-sale-la-laguna,2020-09-19
3 Bedroom Apartment in La Laguna,Tenerife,La Laguna,109200,3,87,https://www.kyero.com/en/property/7557879-apartment-for-sale-la-laguna,2020-09-19
2 Bedroom Apartment in Santiago Del Teide,Tenerife,Santiago Del Teide,89000,2,75,https://www.kyero.com/en/property/7557882-apartment-for-sale-santiago-del-teide,2020-09-19
2 Bedroom Apartment in Guargacho,Tenerife,Guargacho,122000,2,74,https://www.kyero.com/en/property/7613675-apartment-for-sale-guargacho,2020-09-19
2 Bedroom Apartment in San Miguel De Abona,Tenerife,San Miguel De Abona,111000,2,71,https://www.kyero.com/en/property/7968328-apartment-for-sale-san-miguel-de-abona,2020-09-19
2 Bedroom Apartment in San Miguel De Abona,Tenerife,San Miguel De Abona,126000,2,71,https://www.kyero.com/en/property/7968532-apartment-for-sale-san-miguel-de-abona,2020-09-19
2 Bedroom Apartment in Granadilla,Tenerife,Granadilla,75000,2,106,https://www.kyero.com/en/property/7913973-apartment-for-sale-granadilla,2020-09-19
2 Bedroom Apartment in Guimar,Tenerife,Guimar,108000,2,65,https://www.kyero.com/en/property/7916519-apartment-for-sale-guimar,2020-09-19
3 Bedroom Apartment in Santa Cruz De Tenerife,Tenerife,Santa Cruz De Tenerife,101300,3,85,https://www.kyero.com/en/property/7967292-apartment-for-sale-santa-cruz-de-tenerife,2020-09-19
3 Bedroom Apartment in Guimar,Tenerife,Guimar,116000,3,94,https://www.kyero.com/en/property/7965208-apartment-for-sale-guimar,2020-09-19
3 Bedroom Apartment in La Laguna,Tenerife,La Laguna,120000,3,134,https://www.kyero.com/en/property/7964101-apartment-for-sale-la-laguna,2020-09-19
2 Bedroom Apartment in Granadilla de Abona,Tenerife,Granadilla de Abona,59500,2,79,https://www.kyero.com/en/property/7968282-apartment-for-sale-granadilla-de-abona,2020-09-19
3 Bedroom Apartment in Santa Cruz De Tenerife,Tenerife,Santa Cruz De Tenerife,65800,3,82,https://www.kyero.com/en/property/7965192-apartment-for-sale-santa-cruz-de-tenerife,2020-09-19
3 Bedroom Apartment in Guimar,Tenerife,Guimar,115000,3,94,https://www.kyero.com/en/property/7906196-apartment-for-sale-guimar,2020-09-19
2 Bedroom Apartment in Santa Cruz De Tenerife,Tenerife,Santa Cruz De Tenerife,150000,2,80,https://www.kyero.com/en/property/7779647-apartment-for-sale-santa-cruz-de-tenerife,2020-09-19
3 Bedroom Apartment in Santa Cruz De Tenerife,Tenerife,Santa Cruz De Tenerife,69900,3,90,https://www.kyero.com/en/property/7964882-apartment-for-sale-santa-cruz-de-tenerife,2020-09-19
3 Bedroom Apartment in La Matanza De Acentejo,Tenerife,La Matanza De Acentejo,132000,3,115,https://www.kyero.com/en/property/7969793-apartment-for-sale-la-matanza-de-acentejo,2020-09-19
2 Bedroom Apartment in Costa Del Silencio,Tenerife,Costa Del Silencio,82000,2,52,https://www.kyero.com/en/property/7870474-apartment-for-sale-costa-del-silencio,2020-09-19
3 Bedroom Apartment in Los Realejos,Tenerife,Los Realejos,133900,3,173,https://www.kyero.com/en/property/7967357-apartment-for-sale-los-realejos,2020-09-19
2 Bedroom Apartment in Buzanada,Tenerife,Buzanada,145000,2,102,https://www.kyero.com/en/property/7785107-apartment-for-sale-buzanada,2020-09-19
2 Bedroom Apartment in Las Galletas,Tenerife,Las Galletas,131500,2,62,https://www.kyero.com/en/property/7671077-apartment-for-sale-las-galletas,2020-09-19
2 Bedroom Apartment in Arona,Tenerife,Arona,150000,2,55,https://www.kyero.com/en/property/7277404-apartment-for-sale-arona,2020-09-19
2 Bedroom Apartment in Arona,Tenerife,Arona,129995,2,65,https://www.kyero.com/en/property/7641534-apartment-for-sale-arona,2020-09-19
2 Bedroom Apartment in Santa Cruz De Tenerife,Tenerife,Santa Cruz De Tenerife,101600,2,78,https://www.kyero.com/en/property/7964875-apartment-for-sale-santa-cruz-de-tenerife,2020-09-19
2 Bedroom Apartment in Valle De San Lorenzo,Tenerife,Valle De San Lorenzo,125950,2,92,https://www.kyero.com/en/property/7653388-apartment-for-sale-valle-de-san-lorenzo,2020-09-19
2 Bedroom Apartment in Santiago Del Teide,Tenerife,Santiago Del Teide,128000,2,70,https://www.kyero.com/en/property/7887632-apartment-for-sale-santiago-del-teide,2020-09-19
2 Bedroom Apartment in Las Chafiras (San Miguel),Tenerife,Las Chafiras (San Miguel),143500,2,85,https://www.kyero.com/en/property/7661992-apartment-for-sale-las-chafiras-san-miguel,2020-09-19
2 Bedroom Apartment in Valle De San Lorenzo,Tenerife,Valle De San Lorenzo,115900,2,70,https://www.kyero.com/en/property/7688150-apartment-for-sale-valle-de-san-lorenzo,2020-09-19
2 Bedroom Apartment in Arona,Tenerife,Arona,79900,2,60,https://www.kyero.com/en/property/7914972-apartment-for-sale-arona,2020-09-19
2 Bedroom Apartment in Arona,Tenerife,Arona,60000,2,65,https://www.kyero.com/en/property/7671060-apartment-for-sale-arona,2020-09-19
3 Bedroom Apartment in Arona,Tenerife,Arona,121000,3,79,https://www.kyero.com/en/property/7844211-apartment-for-sale-arona,2020-09-19
3 Bedroom Apartment in Arona,Tenerife,Arona,130000,3,87,https://www.kyero.com/en/property/7680818-apartment-for-sale-arona,2020-09-19
2 Bedroom Apartment in Golf Del Sur,Tenerife,Golf Del Sur,112000,2,48,https://www.kyero.com/en/property/7224844-apartment-for-sale-golf-del-sur,2020-09-19
2 Bedroom Apartment in Puerto De Santiago,Tenerife,Puerto De Santiago,130000,2,70,https://www.kyero.com/en/property/6029290-apartment-for-sale-puerto-de-santiago,2020-09-19
2 Bedroom Apartment in San Miguel De Abona,Tenerife,San Miguel De Abona,129900,2,110,https://www.kyero.com/en/property/7680824-apartment-for-sale-san-miguel-de-abona,2020-09-19
2 Bedroom Apartment in Adeje,Tenerife,Adeje,135000,2,64,https://www.kyero.com/en/property/7561168-apartment-for-sale-adeje,2020-09-19
2 Bedroom Apartment in Arona,Tenerife,Arona,118900,2,61,https://www.kyero.com/en/property/7657078-apartment-for-sale-arona,2020-09-19
2 Bedroom Apartment in Santa Cruz De Tenerife,Tenerife,Santa Cruz De Tenerife,86000,2,82,https://www.kyero.com/en/property/7963777-apartment-for-sale-santa-cruz-de-tenerife,2020-09-19
2 Bedroom Apartment in Arona,Tenerife,Arona,90400,2,62,https://www.kyero.com/en/property/7671106-apartment-for-sale-arona,2020-09-19
2 Bedroom Apartment in Arona,Tenerife,Arona,115000,2,65,https://www.kyero.com/en/property/6602690-apartment-for-sale-arona,2020-09-19
2 Bedroom Apartment in Granadilla de Abona,Tenerife,Granadilla de Abona,76000,2,59,https://www.kyero.com/en/property/7934580-apartment-for-sale-granadilla-de-abona,2020-09-19
2 Bedroom Apartment in Buzanada,Tenerife,Buzanada,129500,2,73,https://www.kyero.com/en/property/7064875-apartment-for-sale-buzanada,2020-09-19
2 Bedroom Apartment in Costa Del Silencio,Tenerife,Costa Del Silencio,118000,2,60,https://www.kyero.com/en/property/7672338-apartment-for-sale-costa-del-silencio,2020-09-19
2 Bedroom Apartment in Arona,Tenerife,Arona,84000,2,65,https://www.kyero.com/en/property/7672190-apartment-for-sale-arona,2020-09-19
3 Bedroom Apartment in Guia De Isora,Tenerife,Guia De Isora,115500,3,98,https://www.kyero.com/en/property/7651867-apartment-for-sale-guia-de-isora,2020-09-19
2 Bedroom Apartment in Adeje,Tenerife,Adeje,130500,2,65,https://www.kyero.com/en/property/7662009-apartment-for-sale-adeje,2020-09-19
3 Bedroom Apartment in La Laguna,Tenerife,La Laguna,138000,3,130,https://www.kyero.com/en/property/7963822-apartment-for-sale-la-laguna,2020-09-19
2 Bedroom Apartment in Poris De Abona,Tenerife,Poris De Abona,142500,2,63,https://www.kyero.com/en/property/6509057-apartment-for-sale-poris-de-abona,2020-09-19
2 Bedroom Apartment in Costa Del Silencio,Tenerife,Costa Del Silencio,129000,2,72,https://www.kyero.com/en/property/7769155-apartment-for-sale-costa-del-silencio,2020-09-19
2 Bedroom Duplex in Las Galletas,Tenerife,Las Galletas,125500,2,88,https://www.kyero.com/en/property/7671080-apartment-for-sale-las-galletas,2020-09-19
3 Bedroom Apartment in Guaza,Tenerife,Guaza,115500,3,123,https://www.kyero.com/en/property/7671098-apartment-for-sale-guaza,2020-09-19
2 Bedroom Apartment in Adeje,Tenerife,Adeje,105000,2,66,https://www.kyero.com/en/property/7065823-apartment-for-sale-adeje,2020-09-19
3 Bedroom Apartment in San Isidro De Abona,Tenerife,San Isidro De Abona,98000,3,73,https://www.kyero.com/en/property/6508968-apartment-for-sale-san-isidro-de-abona,2020-09-19
3 Bedroom Apartment in Santiago Del Teide,Tenerife,Santiago Del Teide,131500,3,111,https://www.kyero.com/en/property/7653296-apartment-for-sale-santiago-del-teide,2020-09-19
3 Bedroom Apartment in San Sebastian de la Gomera,Tenerife,San Sebastian de la Gomera,107000,3,95,https://www.kyero.com/en/property/7737933-apartment-for-sale-san-sebastian-de-la-gomera,2020-09-19
2 Bedroom Apartment in Guargacho,Tenerife,Guargacho,100000,2,62,https://www.kyero.com/en/property/7688163-apartment-for-sale-guargacho,2020-09-19
2 Bedroom Apartment in Arona,Tenerife,Arona,112500,2,60,https://www.kyero.com/en/property/7672343-apartment-for-sale-arona,2020-09-19
3 Bedroom Apartment in Puerto De Santiago,Tenerife,Puerto De Santiago,134500,3,80,https://www.kyero.com/en/property/6779785-apartment-for-sale-puerto-de-santiago,2020-09-19
2 Bedroom Apartment in Adeje,Tenerife,Adeje,140000,2,70,https://www.kyero.com/en/property/7056341-apartment-for-sale-adeje,2020-09-19
2 Bedroom Apartment in Buzanada,Tenerife,Buzanada,77000,2,49,https://www.kyero.com/en/property/7680827-apartment-for-sale-buzanada,2020-09-19
2 Bedroom Apartment in Granadilla,Tenerife,Granadilla,105400,2,70,https://www.kyero.com/en/property/7243805-apartment-for-sale-granadilla,2020-09-19
2 Bedroom Apartment in Arona,Tenerife,Arona,116000,2,70,https://www.kyero.com/en/property/7672197-apartment-for-sale-arona,2020-09-19
3 Bedroom Apartment in Valle De San Lorenzo,Tenerife,Valle De San Lorenzo,133000,3,95,https://www.kyero.com/en/property/6810412-apartment-for-sale-valle-de-san-lorenzo,2020-09-19
3 Bedroom Apartment in Granadilla,Tenerife,Granadilla,145000,3,91,https://www.kyero.com/en/property/6490728-apartment-for-sale-granadilla,2020-09-19
2 Bedroom Apartment in Guia De Isora,Tenerife,Guia De Isora,146000,2,70,https://www.kyero.com/en/property/7839846-apartment-for-sale-guia-de-isora,2020-09-19
2 Bedroom Apartment in Puerto De Santiago,Tenerife,Puerto De Santiago,150000,2,65,https://www.kyero.com/en/property/6080015-apartment-for-sale-puerto-de-santiago,2020-09-19
3 Bedroom Apartment in Granadilla de Abona,Tenerife,Granadilla de Abona,102100,3,100,https://www.kyero.com/en/property/7968576-apartment-for-sale-granadilla-de-abona,2020-09-19
2 Bedroom Apartment in Arona,Tenerife,Arona,60400,2,51,https://www.kyero.com/en/property/7635927-apartment-for-sale-arona,2020-09-19
2 Bedroom Apartment in Los Abrigos,Tenerife,Los Abrigos,120750,2,76,https://www.kyero.com/en/property/7671097-apartment-for-sale-los-abrigos,2020-09-19
3 Bedroom Apartment in Chayofa,Tenerife,Chayofa,100500,3,109,https://www.kyero.com/en/property/7680820-apartment-for-sale-chayofa,2020-09-19
2 Bedroom Apartment in Las Chafiras (San Miguel),Tenerife,Las Chafiras (San Miguel),117000,2,118,https://www.kyero.com/en/property/7633565-apartment-for-sale-las-chafiras-san-miguel,2020-09-19
2 Bedroom Apartment in Granadilla,Tenerife,Granadilla,84900,2,90,https://www.kyero.com/en/property/7672259-apartment-for-sale-granadilla,2020-09-19
2 Bedroom Apartment in Santa Cruz De Tenerife,Tenerife,Santa Cruz De Tenerife,124000,2,95,https://www.kyero.com/en/property/7653318-apartment-for-sale-santa-cruz-de-tenerife,2020-09-19
2 Bedroom Apartment in Granadilla,Tenerife,Granadilla,129000,2,78,https://www.kyero.com/en/property/7230796-apartment-for-sale-granadilla,2020-09-19
2 Bedroom Apartment in Arona,Tenerife,Arona,104000,2,110,https://www.kyero.com/en/property/6653020-apartment-for-sale-arona,2020-09-19
2 Bedroom Apartment in San Miguel De Abona,Tenerife,San Miguel De Abona,121000,2,70,https://www.kyero.com/en/property/7967166-apartment-for-sale-san-miguel-de-abona,2020-09-19
2 Bedroom Apartment in Arona,Tenerife,Arona,115000,2,65,https://www.kyero.com/en/property/7672223-apartment-for-sale-arona,2020-09-19
2 Bedroom Apartment in San Miguel De Abona,Tenerife,San Miguel De Abona,126000,2,69,https://www.kyero.com/en/property/7968227-apartment-for-sale-san-miguel-de-abona,2020-09-19
2 Bedroom Apartment in Adeje,Tenerife,Adeje,137900,2,54,https://www.kyero.com/en/property/7653333-apartment-for-sale-adeje,2020-09-19
2 Bedroom Apartment in Buzanada,Tenerife,Buzanada,120000,2,113,https://www.kyero.com/en/property/7680839-apartment-for-sale-buzanada,2020-09-19
2 Bedroom Apartment in Los Abrigos,Tenerife,Los Abrigos,126400,2,65,https://www.kyero.com/en/property/6467838-apartment-for-sale-los-abrigos,2020-09-19
2 Bedroom Apartment in Arona,Tenerife,Arona,115000,2,71,https://www.kyero.com/en/property/7672265-apartment-for-sale-arona,2020-09-19
2 Bedroom Apartment in Playa Paraiso,Tenerife,Playa Paraiso,145000,2,50,https://www.kyero.com/en/property/6971378-apartment-for-sale-playa-paraiso,2020-09-19
2 Bedroom Apartment in Arona,Tenerife,Arona,84000,2,61,https://www.kyero.com/en/property/7671108-apartment-for-sale-arona,2020-09-19
2 Bedroom Apartment in Buzanada,Tenerife,Buzanada,86400,2,85,https://www.kyero.com/en/property/7680836-apartment-for-sale-buzanada,2020-09-19
2 Bedroom Apartment in Costa Del Silencio,Tenerife,Costa Del Silencio,105000,2,58,https://www.kyero.com/en/property/6994580-apartment-for-sale-costa-del-silencio,2020-09-19
2 Bedroom Apartment in Buzanada,Tenerife,Buzanada,105000,2,65,https://www.kyero.com/en/property/7704970-apartment-for-sale-buzanada,2020-09-19
2 Bedroom Apartment in Valle De San Lorenzo,Tenerife,Valle De San Lorenzo,119000,2,75,https://www.kyero.com/en/property/5511790-apartment-for-sale-valle-de-san-lorenzo,2020-09-19
3 Bedroom Apartment in Puerto De Santiago,Tenerife,Puerto De Santiago,129000,3,73,https://www.kyero.com/en/property/6021039-apartment-for-sale-puerto-de-santiago,2020-09-19
2 Bedroom Apartment in Arona,Tenerife,Arona,136000,2,60,https://www.kyero.com/en/property/7672201-apartment-for-sale-arona,2020-09-19
2 Bedroom Apartment in Puerto De Santiago,Tenerife,Puerto De Santiago,129000,2,70,https://www.kyero.com/en/property/6320830-apartment-for-sale-puerto-de-santiago,2020-09-19
2 Bedroom Apartment in Puerto De Santiago,Tenerife,Puerto De Santiago,142000,2,91,https://www.kyero.com/en/property/7368021-apartment-for-sale-puerto-de-santiago,2020-09-19
2 Bedroom Apartment in Puerto De La Cruz,Tenerife,Puerto De La Cruz,52000,2,64,https://www.kyero.com/en/property/7653323-apartment-for-sale-puerto-de-la-cruz,2020-09-19
3 Bedroom Apartment in Arona,Tenerife,Arona,137000,3,90,https://www.kyero.com/en/property/7672183-apartment-for-sale-arona,2020-09-19
2 Bedroom Apartment in Costa Del Silencio,Tenerife,Costa Del Silencio,115000,2,66,https://www.kyero.com/en/property/7672124-apartment-for-sale-costa-del-silencio,2020-09-19
2 Bedroom Apartment in Arona,Tenerife,Arona,136500,2,90,https://www.kyero.com/en/property/7671058-apartment-for-sale-arona,2020-09-19
2 Bedroom Apartment in Adeje,Tenerife,Adeje,135000,2,70,https://www.kyero.com/en/property/7672399-apartment-for-sale-adeje,2020-09-19
2 Bedroom Apartment in Costa Del Silencio,Tenerife,Costa Del Silencio,129000,2,70,https://www.kyero.com/en/property/6928732-apartment-for-sale-costa-del-silencio,2020-09-19
3 Bedroom Apartment in Puerto De La Cruz,Tenerife,Puerto De La Cruz,57332,3,97,https://www.kyero.com/en/property/7965216-apartment-for-sale-puerto-de-la-cruz,2020-09-19
2 Bedroom Apartment in Adeje,Tenerife,Adeje,137900,2,54,https://www.kyero.com/en/property/7138935-apartment-for-sale-adeje,2020-09-19
3 Bedroom Apartment in Guimar,Tenerife,Guimar,117000,3,99,https://www.kyero.com/en/property/7906209-apartment-for-sale-guimar,2020-09-19
2 Bedroom Apartment in Arona,Tenerife,Arona,75000,2,55,https://www.kyero.com/en/property/7653301-apartment-for-sale-arona,2020-09-19
2 Bedroom Apartment in Granadilla,Tenerife,Granadilla,95000,2,50,https://www.kyero.com/en/property/7672248-apartment-for-sale-granadilla,2020-09-19
2 Bedroom Apartment in Granadilla,Tenerife,Granadilla,95000,2,100,https://www.kyero.com/en/property/7927100-apartment-for-sale-granadilla,2020-09-19
2 Bedroom Apartment in Playa De La Arena,Tenerife,Playa De La Arena,140000,2,47,https://www.kyero.com/en/property/7056288-apartment-for-sale-playa-de-la-arena,2020-09-19
3 Bedroom Apartment in Adeje,Tenerife,Adeje,135000,3,81,https://www.kyero.com/en/property/7705135-apartment-for-sale-adeje,2020-09-19
2 Bedroom Apartment in Playa Paraiso,Tenerife,Playa Paraiso,126000,2,62,https://www.kyero.com/en/property/6971363-apartment-for-sale-playa-paraiso,2020-09-19
3 Bedroom Apartment in Granadilla de Abona,Tenerife,Granadilla de Abona,106700,3,94,https://www.kyero.com/en/property/7968368-apartment-for-sale-granadilla-de-abona,2020-09-19
2 Bedroom Apartment in Puerto De Santiago,Tenerife,Puerto De Santiago,120000,2,65,https://www.kyero.com/en/property/7441111-apartment-for-sale-puerto-de-santiago,2020-09-19
2 Bedroom Apartment in Tamaimo,Tenerife,Tamaimo,88000,2,75,https://www.kyero.com/en/property/6905443-apartment-for-sale-tamaimo,2020-09-19
2 Bedroom Apartment in Arona,Tenerife,Arona,81110,2,48,https://www.kyero.com/en/property/7968362-apartment-for-sale-arona,2020-09-19
3 Bedroom Apartment in Arona,Tenerife,Arona,107900,3,69,https://www.kyero.com/en/property/7657077-apartment-for-sale-arona,2020-09-19
2 Bedroom Apartment in Granadilla,Tenerife,Granadilla,133500,2,68,https://www.kyero.com/en/property/7672229-apartment-for-sale-granadilla,2020-09-19
2 Bedroom Penthouse in Granadilla de Abona,Tenerife,Granadilla de Abona,115500,2,62,https://www.kyero.com/en/property/7871748-apartment-for-sale-granadilla-de-abona,2020-09-19
2 Bedroom Apartment in Costa Del Silencio,Tenerife,Costa Del Silencio,105000,2,76,https://www.kyero.com/en/property/7672137-apartment-for-sale-costa-del-silencio,2020-09-19
2 Bedroom Apartment in Las Galletas,Tenerife,Las Galletas,65000,2,40,https://www.kyero.com/en/property/6911447-apartment-for-sale-las-galletas,2020-09-19
2 Bedroom Apartment in Guargacho,Tenerife,Guargacho,105000,2,78,https://www.kyero.com/en/property/7672142-apartment-for-sale-guargacho,2020-09-19
2 Bedroom Apartment in Candelaria,Tenerife,Candelaria,145000,2,70,https://www.kyero.com/en/property/7817708-apartment-for-sale-candelaria,2020-09-19
3 Bedroom Apartment in Santa Cruz De Tenerife,Tenerife,Santa Cruz De Tenerife,132000,3,97,https://www.kyero.com/en/property/7653316-apartment-for-sale-santa-cruz-de-tenerife,2020-09-19
2 Bedroom Apartment in Arona,Tenerife,Arona,125000,2,55,https://www.kyero.com/en/property/7672205-apartment-for-sale-arona,2020-09-19
2 Bedroom Apartment in Arona,Tenerife,Arona,100000,2,60,https://www.kyero.com/en/property/6657014-apartment-for-sale-arona,2020-09-19
2 Bedroom Apartment in Las Chafiras (San Miguel),Tenerife,Las Chafiras (San Miguel),130000,2,64,https://www.kyero.com/en/property/7265551-apartment-for-sale-las-chafiras-san-miguel,2020-09-19
3 Bedroom Apartment in Granadilla de Abona,Tenerife,Granadilla de Abona,75000,3,75,https://www.kyero.com/en/property/7488123-apartment-for-sale-granadilla-de-abona,2020-09-19
2 Bedroom Apartment in Las Chafiras (San Miguel),Tenerife,Las Chafiras (San Miguel),150000,2,95,https://www.kyero.com/en/property/7217149-apartment-for-sale-las-chafiras-san-miguel,2020-09-19
2 Bedroom Apartment in Adeje,Tenerife,Adeje,130000,2,80,https://www.kyero.com/en/property/7065495-apartment-for-sale-adeje,2020-09-19
2 Bedroom Apartment in Adeje,Tenerife,Adeje,144900,2,85,https://www.kyero.com/en/property/6924268-apartment-for-sale-adeje,2020-09-19
3 Bedroom Apartment in San Cristobal de La Laguna,Tenerife,San Cristobal de La Laguna,120000,3,163,https://www.kyero.com/en/property/7653290-apartment-for-sale-san-cristobal-de-la-laguna,2020-09-19
2 Bedroom Apartment in Santa Cruz De Tenerife,Tenerife,Santa Cruz De Tenerife,87872,2,66,https://www.kyero.com/en/property/7653294-apartment-for-sale-santa-cruz-de-tenerife,2020-09-19
2 Bedroom Apartment in Santiago Del Teide,Tenerife,Santiago Del Teide,136000,2,72,https://www.kyero.com/en/property/6602691-apartment-for-sale-santiago-del-teide,2020-09-19
2 Bedroom Apartment in Playa Paraiso,Tenerife,Playa Paraiso,149000,2,64,https://www.kyero.com/en/property/7309209-apartment-for-sale-playa-paraiso,2020-09-19
3 Bedroom Apartment in Arona,Tenerife,Arona,124950,3,99,https://www.kyero.com/en/property/7661995-apartment-for-sale-arona,2020-09-19
2 Bedroom Apartment in Los Abrigos,Tenerife,Los Abrigos,120750,2,75,https://www.kyero.com/en/property/6895214-apartment-for-sale-los-abrigos,2020-09-19
2 Bedroom Apartment in Guaza,Tenerife,Guaza,140000,2,57,https://www.kyero.com/en/property/7839485-apartment-for-sale-guaza,2020-09-19
2 Bedroom Apartment in Arona,Tenerife,Arona,110000,2,80,https://www.kyero.com/en/property/7672132-apartment-for-sale-arona,2020-09-19
2 Bedroom Apartment in Arona,Tenerife,Arona,94000,2,68,https://www.kyero.com/en/property/7671087-apartment-for-sale-arona,2020-09-19
2 Bedroom Apartment in Adeje,Tenerife,Adeje,140000,2,75,https://www.kyero.com/en/property/7266607-apartment-for-sale-adeje,2020-09-19
3 Bedroom Apartment in Santiago Del Teide,Tenerife,Santiago Del Teide,136000,3,109,https://www.kyero.com/en/property/7653297-apartment-for-sale-santiago-del-teide,2020-09-19
3 Bedroom Apartment in Santa Cruz De Tenerife,Tenerife,Santa Cruz De Tenerife,127000,3,96,https://www.kyero.com/en/property/7653312-apartment-for-sale-santa-cruz-de-tenerife,2020-09-19
2 Bedroom Apartment in Guimar,Tenerife,Guimar,127000,2,66,https://www.kyero.com/en/property/6389545-apartment-for-sale-guimar,2020-09-19
2 Bedroom Apartment in Tegueste,Tenerife,Tegueste,125000,2,141,https://www.kyero.com/en/property/7737814-apartment-for-sale-tegueste,2020-09-19
2 Bedroom Penthouse in Puerto De Santiago,Tenerife,Puerto De Santiago,139000,2,70,https://www.kyero.com/en/property/7572669-apartment-for-sale-puerto-de-santiago,2020-09-19
2 Bedroom Apartment in Guargacho,Tenerife,Guargacho,81110,2,64,https://www.kyero.com/en/property/7671114-apartment-for-sale-guargacho,2020-09-19
2 Bedroom Apartment in San Isidro De Abona,Tenerife,San Isidro De Abona,115000,2,65,https://www.kyero.com/en/property/7309204-apartment-for-sale-san-isidro-de-abona,2020-09-19
2 Bedroom Apartment in Adeje,Tenerife,Adeje,126000,2,69,https://www.kyero.com/en/property/7217604-apartment-for-sale-adeje,2020-09-19
2 Bedroom Apartment in Guia De Isora,Tenerife,Guia De Isora,103000,2,60,https://www.kyero.com/en/property/7064877-apartment-for-sale-guia-de-isora,2020-09-19
2 Bedroom Apartment in Cabo Blanco,Tenerife,Cabo Blanco,112000,2,100,https://www.kyero.com/en/property/7224853-apartment-for-sale-cabo-blanco,2020-09-19
3 Bedroom Apartment in Guargacho,Tenerife,Guargacho,115000,3,90,https://www.kyero.com/en/property/7129980-apartment-for-sale-guargacho,2020-09-19
2 Bedroom Apartment in Puerto De La Cruz,Tenerife,Puerto De La Cruz,149000,2,96,https://www.kyero.com/en/property/6800892-apartment-for-sale-puerto-de-la-cruz,2020-09-19
3 Bedroom Apartment in Arona,Tenerife,Arona,88000,3,100,https://www.kyero.com/en/property/7671110-apartment-for-sale-arona,2020-09-19
2 Bedroom Apartment in Tijoco,Tenerife,Tijoco,130000,2,50,https://www.kyero.com/en/property/7653501-apartment-for-sale-tijoco,2020-09-19
3 Bedroom Apartment in Los Abrigos,Tenerife,Los Abrigos,130000,3,70,https://www.kyero.com/en/property/5439135-apartment-for-sale-los-abrigos,2020-09-19
2 Bedroom Apartment in Granadilla,Tenerife,Granadilla,98500,2,80,https://www.kyero.com/en/property/6905424-apartment-for-sale-granadilla,2020-09-19
2 Bedroom Apartment in Santiago Del Teide,Tenerife,Santiago Del Teide,85000,2,56,https://www.kyero.com/en/property/7592949-apartment-for-sale-santiago-del-teide,2020-09-19
2 Bedroom Apartment in San Isidro De Abona,Tenerife,San Isidro De Abona,89000,2,74,https://www.kyero.com/en/property/7688155-apartment-for-sale-san-isidro-de-abona,2020-09-19
2 Bedroom Apartment in Adeje,Tenerife,Adeje,140000,2,79,https://www.kyero.com/en/property/6602697-apartment-for-sale-adeje,2020-09-19
2 Bedroom Apartment in Guia De Isora,Tenerife,Guia De Isora,40230,2,124,https://www.kyero.com/en/property/7653283-apartment-for-sale-guia-de-isora,2020-09-19
2 Bedroom Apartment in Arona,Tenerife,Arona,60000,2,46,https://www.kyero.com/en/property/7705136-apartment-for-sale-arona,2020-09-19
2 Bedroom Apartment in Guia De Isora,Tenerife,Guia De Isora,147000,2,68,https://www.kyero.com/en/property/7461860-apartment-for-sale-guia-de-isora,2020-09-19
2 Bedroom Apartment in Las Galletas,Tenerife,Las Galletas,105000,2,70,https://www.kyero.com/en/property/7671112-apartment-for-sale-las-galletas,2020-09-19
2 Bedroom Apartment in Granadilla,Tenerife,Granadilla,108000,2,58,https://www.kyero.com/en/property/7024072-apartment-for-sale-granadilla,2020-09-19
2 Bedroom Apartment in Cho,Tenerife,Cho,139000,2,80,https://www.kyero.com/en/property/7570947-apartment-for-sale-cho,2020-09-19
2 Bedroom Apartment in Arona,Tenerife,Arona,126500,2,80,https://www.kyero.com/en/property/6578551-apartment-for-sale-arona,2020-09-19
2 Bedroom Apartment in San Isidro De Abona,Tenerife,San Isidro De Abona,130000,2,70,https://www.kyero.com/en/property/7672274-apartment-for-sale-san-isidro-de-abona,2020-09-19
2 Bedroom Apartment in San Isidro De Abona,Tenerife,San Isidro De Abona,105000,2,50,https://www.kyero.com/en/property/7140483-apartment-for-sale-san-isidro-de-abona,2020-09-19
2 Bedroom Apartment in Arona,Tenerife,Arona,79900,2,50,https://www.kyero.com/en/property/7672225-apartment-for-sale-arona,2020-09-19
2 Bedroom Apartment in Arona,Tenerife,Arona,67000,2,58,https://www.kyero.com/en/property/6653017-apartment-for-sale-arona,2020-09-19
2 Bedroom Apartment in Chayofa,Tenerife,Chayofa,147455,2,100,https://www.kyero.com/en/property/7680837-apartment-for-sale-chayofa,2020-09-19
3 Bedroom Apartment in Los Abrigos,Tenerife,Los Abrigos,134900,3,84,https://www.kyero.com/en/property/7116264-apartment-for-sale-los-abrigos,2020-09-19
2 Bedroom Apartment in Arona,Tenerife,Arona,140000,2,75,https://www.kyero.com/en/property/5281095-apartment-for-sale-arona,2020-09-19
2 Bedroom Apartment in San Miguel De Abona,Tenerife,San Miguel De Abona,131900,2,75,https://www.kyero.com/en/property/7672341-apartment-for-sale-san-miguel-de-abona,2020-09-19
2 Bedroom Apartment in Poris De Abona,Tenerife,Poris De Abona,147000,2,65,https://www.kyero.com/en/property/7295196-apartment-for-sale-poris-de-abona,2020-09-19
3 Bedroom Apartment in Las Galletas,Tenerife,Las Galletas,125000,3,99,https://www.kyero.com/en/property/7671094-apartment-for-sale-las-galletas,2020-09-19
2 Bedroom Penthouse in Valle De San Lorenzo,Tenerife,Valle De San Lorenzo,125700,2,85,https://www.kyero.com/en/property/7505177-apartment-for-sale-valle-de-san-lorenzo,2020-09-19
2 Bedroom Apartment in Arona,Tenerife,Arona,116000,2,68,https://www.kyero.com/en/property/7672212-apartment-for-sale-arona,2020-09-19
2 Bedroom Apartment in Fraile Viejo,Tenerife,Fraile Viejo,69000,2,54,https://www.kyero.com/en/property/7688114-apartment-for-sale-fraile-viejo,2020-09-19
2 Bedroom Apartment in Granadilla,Tenerife,Granadilla,114000,2,59,https://www.kyero.com/en/property/6960261-apartment-for-sale-granadilla,2020-09-19
2 Bedroom Apartment in San Isidro De Abona,Tenerife,San Isidro De Abona,115500,2,68,https://www.kyero.com/en/property/6895451-apartment-for-sale-san-isidro-de-abona,2020-09-19
2 Bedroom Apartment in San Miguel De Abona,Tenerife,San Miguel De Abona,126000,2,85,https://www.kyero.com/en/property/7672408-apartment-for-sale-san-miguel-de-abona,2020-09-19
2 Bedroom Apartment in Tijoco,Tenerife,Tijoco,130000,2,55,https://www.kyero.com/en/property/7266588-apartment-for-sale-tijoco,2020-09-19
2 Bedroom Apartment in Arona,Tenerife,Arona,130000,2,72,https://www.kyero.com/en/property/7672390-apartment-for-sale-arona,2020-09-19
2 Bedroom Apartment in Granadilla de Abona,Tenerife,Granadilla de Abona,99500,2,60,https://www.kyero.com/en/property/7064889-apartment-for-sale-granadilla-de-abona,2020-09-19
3 Bedroom Apartment in Arona,Tenerife,Arona,136000,3,102,https://www.kyero.com/en/property/7227281-apartment-for-sale-arona,2020-09-19
3 Bedroom Apartment in San Miguel De Abona,Tenerife,San Miguel De Abona,144000,3,100,https://www.kyero.com/en/property/7672219-apartment-for-sale-san-miguel-de-abona,2020-09-19
2 Bedroom Apartment in Los Abrigos,Tenerife,Los Abrigos,109469,2,70,https://www.kyero.com/en/property/7844330-apartment-for-sale-los-abrigos,2020-09-19
3 Bedroom Apartment in Las Chafiras (San Miguel),Tenerife,Las Chafiras (San Miguel),121000,3,88,https://www.kyero.com/en/property/7505181-apartment-for-sale-las-chafiras-san-miguel,2020-09-19
2 Bedroom Apartment in Granadilla de Abona,Tenerife,Granadilla de Abona,95000,2,54,https://www.kyero.com/en/property/7680807-apartment-for-sale-granadilla-de-abona,2020-09-19
2 Bedroom Apartment in Guargacho,Tenerife,Guargacho,105500,2,59,https://www.kyero.com/en/property/6596509-apartment-for-sale-guargacho,2020-09-19
2 Bedroom Apartment in San Isidro De Abona,Tenerife,San Isidro De Abona,80000,2,65,https://www.kyero.com/en/property/7505180-apartment-for-sale-san-isidro-de-abona,2020-09-19
2 Bedroom Apartment in San Cristobal de La Laguna,Tenerife,San Cristobal de La Laguna,91000,2,73,https://www.kyero.com/en/property/7653279-apartment-for-sale-san-cristobal-de-la-laguna,2020-09-19
2 Bedroom Apartment in Los Abrigos,Tenerife,Los Abrigos,115000,2,50,https://www.kyero.com/en/property/7064897-apartment-for-sale-los-abrigos,2020-09-19
2 Bedroom Apartment in Arona,Tenerife,Arona,139900,2,110,https://www.kyero.com/en/property/7748630-apartment-for-sale-arona,2020-09-19
2 Bedroom Apartment in Granadilla,Tenerife,Granadilla,109000,2,70,https://www.kyero.com/en/property/7672226-apartment-for-sale-granadilla,2020-09-19
2 Bedroom Apartment in Las Galletas,Tenerife,Las Galletas,94900,2,68,https://www.kyero.com/en/property/7138937-apartment-for-sale-las-galletas,2020-09-19
2 Bedroom Apartment in Arona,Tenerife,Arona,110000,2,97,https://www.kyero.com/en/property/7379323-apartment-for-sale-arona,2020-09-19
3 Bedroom Apartment in Santa Cruz De Tenerife,Tenerife,Santa Cruz De Tenerife,144000,3,115,https://www.kyero.com/en/property/7653309-apartment-for-sale-santa-cruz-de-tenerife,2020-09-19
2 Bedroom Apartment in Arona,Tenerife,Arona,142400,2,75,https://www.kyero.com/en/property/7617842-apartment-for-sale-arona,2020-09-19
2 Bedroom Apartment in Guargacho,Tenerife,Guargacho,47000,2,51,https://www.kyero.com/en/property/7708009-apartment-for-sale-guargacho,2020-09-19
3 Bedroom Apartment in Los Realejos,Tenerife,Los Realejos,95000,3,98,https://www.kyero.com/en/property/7758620-apartment-for-sale-los-realejos,2020-09-19
2 Bedroom Apartment in Costa Del Silencio,Tenerife,Costa Del Silencio,115000,2,60,https://www.kyero.com/en/property/7671100-apartment-for-sale-costa-del-silencio,2020-09-19
2 Bedroom Apartment in Santiago Del Teide,Tenerife,Santiago Del Teide,122000,2,61,https://www.kyero.com/en/property/7832833-apartment-for-sale-santiago-del-teide,2020-09-19
2 Bedroom Duplex in Las Galletas,Tenerife,Las Galletas,139900,2,96,https://www.kyero.com/en/property/7671096-apartment-for-sale-las-galletas,2020-09-19
2 Bedroom Apartment in Santa Cruz De Tenerife,Tenerife,Santa Cruz De Tenerife,139500,2,68,https://www.kyero.com/en/property/6452942-apartment-for-sale-santa-cruz-de-tenerife,2020-09-19
3 Bedroom Apartment in Santa Cruz De Tenerife,Tenerife,Santa Cruz De Tenerife,123500,3,92,https://www.kyero.com/en/property/7653307-apartment-for-sale-santa-cruz-de-tenerife,2020-09-19
2 Bedroom Apartment in Fanabe,Tenerife,Fanabe,148000,2,71,https://www.kyero.com/en/property/7779727-apartment-for-sale-fanabe,2020-09-19
2 Bedroom Apartment in Acantilado De Los Gigantes,Tenerife,Acantilado De Los Gigantes,138000,2,57,https://www.kyero.com/en/property/7614168-apartment-for-sale-acantilado-de-los-gigantes,2020-09-19
2 Bedroom Apartment in Puerto De La Cruz,Tenerife,Puerto De La Cruz,108000,2,47,https://www.kyero.com/en/property/6493546-apartment-for-sale-puerto-de-la-cruz,2020-09-19
2 Bedroom Apartment in Callao Salvaje,Tenerife,Callao Salvaje,135000,2,68,https://www.kyero.com/en/property/7368060-apartment-for-sale-callao-salvaje,2020-09-19
3 Bedroom Apartment in Santiago Del Teide,Tenerife,Santiago Del Teide,134500,3,59,https://www.kyero.com/en/property/7653302-apartment-for-sale-santiago-del-teide,2020-09-19
2 Bedroom Apartment in Granadilla de Abona,Tenerife,Granadilla de Abona,105000,2,76,https://www.kyero.com/en/property/6696808-apartment-for-sale-granadilla-de-abona,2020-09-19
2 Bedroom Apartment in Costa Del Silencio,Tenerife,Costa Del Silencio,129000,2,55,https://www.kyero.com/en/property/5849380-apartment-for-sale-costa-del-silencio,2020-09-19
2 Bedroom Apartment in Santiago Del Teide,Tenerife,Santiago Del Teide,145000,2,72,https://www.kyero.com/en/property/7391505-apartment-for-sale-santiago-del-teide,2020-09-19
2 Bedroom Apartment in Buzanada,Tenerife,Buzanada,98000,2,65,https://www.kyero.com/en/property/7056354-apartment-for-sale-buzanada,2020-09-19
2 Bedroom Apartment in Arona,Tenerife,Arona,80000,2,64,https://www.kyero.com/en/property/7671103-apartment-for-sale-arona,2020-09-19
2 Bedroom Apartment in Guia De Isora,Tenerife,Guia De Isora,125000,2,90,https://www.kyero.com/en/property/7113142-apartment-for-sale-guia-de-isora,2020-09-19
3 Bedroom Apartment in La Laguna,Tenerife,La Laguna,58212,3,84,https://www.kyero.com/en/property/7734671-apartment-for-sale-la-laguna,2020-09-19
2 Bedroom Apartment in Arona,Tenerife,Arona,103500,2,70,https://www.kyero.com/en/property/7672192-apartment-for-sale-arona,2020-09-19
2 Bedroom Apartment in San Isidro De Abona,Tenerife,San Isidro De Abona,120000,2,81,https://www.kyero.com/en/property/7391487-apartment-for-sale-san-isidro-de-abona,2020-09-19
3 Bedroom Apartment in Granadilla de Abona,Tenerife,Granadilla de Abona,90000,3,62,https://www.kyero.com/en/property/7680857-apartment-for-sale-granadilla-de-abona,2020-09-19
2 Bedroom Apartment in Los Abrigos,Tenerife,Los Abrigos,149950,2,52,https://www.kyero.com/en/property/7122813-apartment-for-sale-los-abrigos,2020-09-19
3 Bedroom Apartment in Guia De Isora,Tenerife,Guia De Isora,135000,3,100,https://www.kyero.com/en/property/6273752-apartment-for-sale-guia-de-isora,2020-09-19
2 Bedroom Apartment in Arona,Tenerife,Arona,99500,2,62,https://www.kyero.com/en/property/7746307-apartment-for-sale-arona,2020-09-19
2 Bedroom Apartment in Las Galletas,Tenerife,Las Galletas,148000,2,60,https://www.kyero.com/en/property/7671062-apartment-for-sale-las-galletas,2020-09-19
2 Bedroom Apartment in Los Abrigos,Tenerife,Los Abrigos,104900,2,69,https://www.kyero.com/en/property/7672330-apartment-for-sale-los-abrigos,2020-09-19
3 Bedroom Apartment in Guaza,Tenerife,Guaza,85000,3,101,https://www.kyero.com/en/property/7671099-apartment-for-sale-guaza,2020-09-19
3 Bedroom Apartment in Buzanada,Tenerife,Buzanada,120000,3,73,https://www.kyero.com/en/property/7746309-apartment-for-sale-buzanada,2020-09-19
2 Bedroom Apartment in Adeje,Tenerife,Adeje,126000,2,54,https://www.kyero.com/en/property/7672178-apartment-for-sale-adeje,2020-09-19
2 Bedroom Apartment in Santa Cruz De Tenerife,Tenerife,Santa Cruz De Tenerife,87500,2,64,https://www.kyero.com/en/property/7653306-apartment-for-sale-santa-cruz-de-tenerife,2020-09-19
2 Bedroom Apartment in Tijoco,Tenerife,Tijoco,136500,2,55,https://www.kyero.com/en/property/7266587-apartment-for-sale-tijoco,2020-09-19
3 Bedroom Apartment in Adeje,Tenerife,Adeje,147000,3,95,https://www.kyero.com/en/property/7672134-apartment-for-sale-adeje,2020-09-19
2 Bedroom Duplex in Santa Cruz De Tenerife,Tenerife,Santa Cruz De Tenerife,90000,2,92,https://www.kyero.com/en/property/7651909-apartment-for-sale-santa-cruz-de-tenerife,2020-09-19
3 Bedroom Apartment in Tamaimo,Tenerife,Tamaimo,139000,3,128,https://www.kyero.com/en/property/6226310-apartment-for-sale-tamaimo,2020-09-19
2 Bedroom Apartment in Puerto De Santiago,Tenerife,Puerto De Santiago,135000,2,95,https://www.kyero.com/en/property/7771818-apartment-for-sale-puerto-de-santiago,2020-09-19
3 Bedroom Apartment in San Isidro De Abona,Tenerife,San Isidro De Abona,131500,3,112,https://www.kyero.com/en/property/7672407-apartment-for-sale-san-isidro-de-abona,2020-09-19
2 Bedroom Apartment in Granadilla de Abona,Tenerife,Granadilla de Abona,135000,2,74,https://www.kyero.com/en/property/6774310-apartment-for-sale-granadilla-de-abona,2020-09-19
2 Bedroom Apartment in Arona,Tenerife,Arona,105000,2,65,https://www.kyero.com/en/property/7672234-apartment-for-sale-arona,2020-09-19
2 Bedroom Apartment in Arona,Tenerife,Arona,116000,2,60,https://www.kyero.com/en/property/7672375-apartment-for-sale-arona,2020-09-19
2 Bedroom Apartment in Guia De Isora,Tenerife,Guia De Isora,105000,2,65,https://www.kyero.com/en/property/7065934-apartment-for-sale-guia-de-isora,2020-09-19
2 Bedroom Apartment in Granadilla,Tenerife,Granadilla,148000,2,100,https://www.kyero.com/en/property/7672230-apartment-for-sale-granadilla,2020-09-19
3 Bedroom Apartment in Buzanada,Tenerife,Buzanada,130000,3,112,https://www.kyero.com/en/property/7758716-apartment-for-sale-buzanada,2020-09-19
2 Bedroom Apartment in Buzanada,Tenerife,Buzanada,86400,2,84,https://www.kyero.com/en/property/7680828-apartment-for-sale-buzanada,2020-09-19
2 Bedroom Apartment in Arona,Tenerife,Arona,119000,2,75,https://www.kyero.com/en/property/7621677-apartment-for-sale-arona,2020-09-19
2 Bedroom Apartment in Santa Cruz De Tenerife,Tenerife,Santa Cruz De Tenerife,110000,2,122,https://www.kyero.com/en/property/7748404-apartment-for-sale-santa-cruz-de-tenerife,2020-09-19
3 Bedroom Apartment in La Orotava,Tenerife,La Orotava,84000,3,136,https://www.kyero.com/en/property/7737800-apartment-for-sale-la-orotava,2020-09-19
2 Bedroom Apartment in Tacoronte,Tenerife,Tacoronte,98000,2,78,https://www.kyero.com/en/property/7734477-apartment-for-sale-tacoronte,2020-09-19
2 Bedroom Apartment in Arona,Tenerife,Arona,136000,2,72,https://www.kyero.com/en/property/7065490-apartment-for-sale-arona,2020-09-19
4 Bedroom Apartment in La Montaneta,Tenerife,La Montaneta,74700,4,115,https://www.kyero.com/en/property/7122835-apartment-for-sale-la-montaneta,2020-09-19
2 Bedroom Apartment in Los Abrigos,Tenerife,Los Abrigos,126000,2,70,https://www.kyero.com/en/property/7064885-apartment-for-sale-los-abrigos,2020-09-19
3 Bedroom Apartment in Santiago Del Teide,Tenerife,Santiago Del Teide,120000,3,90,https://www.kyero.com/en/property/7653331-apartment-for-sale-santiago-del-teide,2020-09-19
2 Bedroom Apartment in Golf Del Sur,Tenerife,Golf Del Sur,109000,2,72,https://www.kyero.com/en/property/7798400-apartment-for-sale-golf-del-sur,2020-09-19
3 Bedroom Apartment in Playa De Las Americas,Tenerife,Playa De Las Americas,115000,3,60,https://www.kyero.com/en/property/6687788-apartment-for-sale-playa-de-las-americas,2020-09-19
2 Bedroom Apartment in Guargacho,Tenerife,Guargacho,129000,2,60,https://www.kyero.com/en/property/6290497-apartment-for-sale-guargacho,2020-09-19
2 Bedroom Apartment in Guia De Isora,Tenerife,Guia De Isora,125000,2,90,https://www.kyero.com/en/property/7116266-apartment-for-sale-guia-de-isora,2020-09-19
3 Bedroom Apartment in Santa Cruz De Tenerife,Tenerife,Santa Cruz De Tenerife,120256,3,93,https://www.kyero.com/en/property/7653295-apartment-for-sale-santa-cruz-de-tenerife,2020-09-19
3 Bedroom Apartment in Granadilla,Tenerife,Granadilla,116000,3,111,https://www.kyero.com/en/property/7672357-apartment-for-sale-granadilla,2020-09-19
2 Bedroom Apartment in Costa Del Silencio,Tenerife,Costa Del Silencio,140000,2,46,https://www.kyero.com/en/property/6581286-apartment-for-sale-costa-del-silencio,2020-09-19
3 Bedroom Apartment in Los Realejos,Tenerife,Los Realejos,142000,3,94,https://www.kyero.com/en/property/6493510-apartment-for-sale-los-realejos,2020-09-19
2 Bedroom Apartment in Longuera,Tenerife,Longuera,139000,2,88,https://www.kyero.com/en/property/6938497-apartment-for-sale-longuera,2020-09-19
2 Bedroom Apartment in Arona,Tenerife,Arona,92000,2,45,https://www.kyero.com/en/property/6696822-apartment-for-sale-arona,2020-09-19
2 Bedroom Apartment in Costa Del Silencio,Tenerife,Costa Del Silencio,149000,2,60,https://www.kyero.com/en/property/7264418-apartment-for-sale-costa-del-silencio,2020-09-19
3 Bedroom Apartment in Callao Salvaje,Tenerife,Callao Salvaje,141750,3,67,https://www.kyero.com/en/property/7653349-apartment-for-sale-callao-salvaje,2020-09-19
2 Bedroom Apartment in Arico,Tenerife,Arico,86000,2,65,https://www.kyero.com/en/property/7680859-apartment-for-sale-arico,2020-09-19
3 Bedroom Apartment in Granadilla,Tenerife,Granadilla,139000,3,83,https://www.kyero.com/en/property/6941169-apartment-for-sale-granadilla,2020-09-19
2 Bedroom Apartment in Tijoco,Tenerife,Tijoco,130000,2,60,https://www.kyero.com/en/property/6905425-apartment-for-sale-tijoco,2020-09-19
3 Bedroom Apartment in Tamaimo,Tenerife,Tamaimo,120000,3,80,https://www.kyero.com/en/property/6945479-apartment-for-sale-tamaimo,2020-09-19
2 Bedroom Apartment in Arona,Tenerife,Arona,99800,2,72,https://www.kyero.com/en/property/7672360-apartment-for-sale-arona,2020-09-19
2 Bedroom Apartment in Arona,Tenerife,Arona,125000,2,70,https://www.kyero.com/en/property/7572697-apartment-for-sale-arona,2020-09-19
2 Bedroom Apartment in Arona,Tenerife,Arona,145000,2,75,https://www.kyero.com/en/property/7672391-apartment-for-sale-arona,2020-09-19
3 Bedroom Apartment in Valle De San Lorenzo,Tenerife,Valle De San Lorenzo,129000,3,100,https://www.kyero.com/en/property/7570950-apartment-for-sale-valle-de-san-lorenzo,2020-09-19
