title,island,locality,price,beds,size,link,date,ad_type
"Flat / Apartment in camino Víctor Fernández Gopar, Tías, Tias",Lanzarote,Tias,140000,2,63,https://www.idealista.com/en/inmueble/90468741/,2020-10-01,sale
"Flat / Apartment in calle Triana, Centro, Arrecife",Lanzarote,Arrecife,148000,3,110,https://www.idealista.com/en/inmueble/91199823/,2020-10-01,sale
"Flat / Apartment in calle Charco de la Caldera, Altavista-Titerroy-San Francisco Javier, Arrecife",Lanzarote,Arrecife,87000,2,70,https://www.idealista.com/en/inmueble/91200505/,2020-10-01,sale
"Flat / Apartment in calle Trillo, NN, Argana-Maneje, Arrecife",Lanzarote,Arrecife,99000,3,89,https://www.idealista.com/en/inmueble/91133225/,2020-10-01,sale
"Flat / Apartment in Centro, Arrecife",Lanzarote,Arrecife,130000,3,62,https://www.idealista.com/en/inmueble/91190910/,2020-10-01,sale
"Duplex in avenida de las Palmeras, 15, Costa Teguise, Teguise",Lanzarote,Teguise,180000,2,105,https://www.idealista.com/en/inmueble/91152025/,2020-10-01,sale
"Flat / Apartment in calle Coronel Capaz, 6, 6, Altavista-Titerroy-San Francisco Javier, Arrecife",Lanzarote,Arrecife,74000,2,50,https://www.idealista.com/en/inmueble/91159492/,2020-10-01,sale
"Flat / Apartment in Centro, Arrecife",Lanzarote,Arrecife,150000,3,86,https://www.idealista.com/en/inmueble/91131060/,2020-10-01,sale
"Flat / Apartment in Centro, Arrecife",Lanzarote,Arrecife,145000,2,60,https://www.idealista.com/en/inmueble/91207171/,2020-10-01,sale
"Flat / Apartment in calle el Sarambeque, 25, Centro, Arrecife",Lanzarote,Arrecife,139000,2,80,https://www.idealista.com/en/inmueble/91161714/,2020-10-01,sale
"Duplex in calle las Adelfas, 3, Costa Teguise, Teguise",Lanzarote,Teguise,180000,2,98,https://www.idealista.com/en/inmueble/91145540/,2020-10-01,sale
"Flat / Apartment in calle Almeria, NN, Altavista-Titerroy-San Francisco Javier, Arrecife",Lanzarote,Arrecife,89000,2,61,https://www.idealista.com/en/inmueble/90764719/,2020-10-01,sale
"Flat / Apartment in calle León y Castillo, NN, Centro, Arrecife",Lanzarote,Arrecife,130000,2,80,https://www.idealista.com/en/inmueble/88049799/,2020-10-01,sale
"Duplex in calle Colombia, 7, Costa Teguise, Teguise",Lanzarote,Teguise,198450,3,109,https://www.idealista.com/en/inmueble/87606686/,2020-10-01,sale
"Flat / Apartment in calle el Tres Papás, Arrecife, NN, Centro, Arrecife",Lanzarote,Arrecife,110000,2,59,https://www.idealista.com/en/inmueble/82252477/,2020-10-01,sale
"Flat / Apartment in Valterra-La Vega-Las Salinas, Arrecife",Lanzarote,Arrecife,177000,3,102,https://www.idealista.com/en/inmueble/89154783/,2020-10-01,sale
"Flat / Apartment in calle Cribo, Argana-Maneje, Arrecife",Lanzarote,Arrecife,87000,2,60,https://www.idealista.com/en/inmueble/91161952/,2020-10-01,sale
"Flat / Apartment in Liria, 10, Argana-Maneje, Arrecife",Lanzarote,Arrecife,87000,2,75,https://www.idealista.com/en/inmueble/91151374/,2020-10-01,sale
"Flat / Apartment in calle Teide, Puerto del Carmen, Tias",Lanzarote,Tias,195000,2,56,https://www.idealista.com/en/inmueble/90901509/,2020-10-01,sale
"Flat / Apartment in Calle Coronel Bens, Centro, Arrecife",Lanzarote,Arrecife,115500,2,81,https://www.idealista.com/en/inmueble/89211296/,2020-10-01,sale
"Flat / Apartment in Calle Coronel Bens, Centro, Arrecife",Lanzarote,Arrecife,130500,3,113,https://www.idealista.com/en/inmueble/88769913/,2020-10-01,sale
"Flat / Apartment in Argana-Maneje, Arrecife",Lanzarote,Arrecife,98000,3,79,https://www.idealista.com/en/inmueble/91217188/,2020-10-01,sale
"Flat / Apartment in Tías, Tias",Lanzarote,Tias,182000,2,80,https://www.idealista.com/en/inmueble/91187431/,2020-10-01,sale
"Flat / Apartment in RIEGO, 11, Centro, Arrecife",Lanzarote,Arrecife,81500,3,63,https://www.idealista.com/en/inmueble/88872736/,2020-10-01,sale
"Flat / Apartment in calle Guatemala, NN, Valterra-La Vega-Las Salinas, Arrecife",Lanzarote,Arrecife,110000,2,64,https://www.idealista.com/en/inmueble/90914955/,2020-10-01,sale
"Flat / Apartment in Perez Galdos, 31, Valterra-La Vega-Las Salinas, Arrecife",Lanzarote,Arrecife,135000,3,78,https://www.idealista.com/en/inmueble/87499415/,2020-10-01,sale
"Flat / Apartment in calle Alemania, NN, Montaña Roja, Yaiza",Lanzarote,Yaiza,120000,3,77,https://www.idealista.com/en/inmueble/87538935/,2020-10-01,sale
"Flat / Apartment in Altavista-Titerroy-San Francisco Javier, Arrecife",Lanzarote,Arrecife,98500,2,77,https://www.idealista.com/en/inmueble/90100508/,2020-10-01,sale
"Flat / Apartment in calle Salinas, Puerto del Carmen, Tias",Lanzarote,Tias,143000,2,68,https://www.idealista.com/en/inmueble/88598094/,2020-10-01,sale
"Flat / Apartment in calle de Campoamor, NN, Argana-Maneje, Arrecife",Lanzarote,Arrecife,74000,2,65,https://www.idealista.com/en/inmueble/88119229/,2020-10-01,sale
"Flat / Apartment in camino Víctor Fernández Gopar, Tías, Tias",Lanzarote,Tias,140000,2,63,https://www.idealista.com/en/inmueble/90468741/,2020-10-01,sale
"Flat / Apartment in calle Triana, Centro, Arrecife",Lanzarote,Arrecife,148000,3,110,https://www.idealista.com/en/inmueble/91199823/,2020-10-01,sale
"Flat / Apartment in calle Charco de la Caldera, Altavista-Titerroy-San Francisco Javier, Arrecife",Lanzarote,Arrecife,87000,2,70,https://www.idealista.com/en/inmueble/91200505/,2020-10-01,sale
"Flat / Apartment in calle Trillo, NN, Argana-Maneje, Arrecife",Lanzarote,Arrecife,99000,3,89,https://www.idealista.com/en/inmueble/91133225/,2020-10-01,sale
"Flat / Apartment in Centro, Arrecife",Lanzarote,Arrecife,130000,3,62,https://www.idealista.com/en/inmueble/91190910/,2020-10-01,sale
"Duplex in avenida de las Palmeras, 15, Costa Teguise, Teguise",Lanzarote,Teguise,180000,2,105,https://www.idealista.com/en/inmueble/91152025/,2020-10-01,sale
"Flat / Apartment in calle Coronel Capaz, 6, 6, Altavista-Titerroy-San Francisco Javier, Arrecife",Lanzarote,Arrecife,74000,2,50,https://www.idealista.com/en/inmueble/91159492/,2020-10-01,sale
"Flat / Apartment in Centro, Arrecife",Lanzarote,Arrecife,150000,3,86,https://www.idealista.com/en/inmueble/91131060/,2020-10-01,sale
"Flat / Apartment in Centro, Arrecife",Lanzarote,Arrecife,145000,2,60,https://www.idealista.com/en/inmueble/91207171/,2020-10-01,sale
"Flat / Apartment in calle el Sarambeque, 25, Centro, Arrecife",Lanzarote,Arrecife,139000,2,80,https://www.idealista.com/en/inmueble/91161714/,2020-10-01,sale
"Duplex in calle las Adelfas, 3, Costa Teguise, Teguise",Lanzarote,Teguise,180000,2,98,https://www.idealista.com/en/inmueble/91145540/,2020-10-01,sale
"Flat / Apartment in calle Almeria, NN, Altavista-Titerroy-San Francisco Javier, Arrecife",Lanzarote,Arrecife,89000,2,61,https://www.idealista.com/en/inmueble/90764719/,2020-10-01,sale
"Flat / Apartment in calle León y Castillo, NN, Centro, Arrecife",Lanzarote,Arrecife,130000,2,80,https://www.idealista.com/en/inmueble/88049799/,2020-10-01,sale
"Duplex in calle Colombia, 7, Costa Teguise, Teguise",Lanzarote,Teguise,198450,3,109,https://www.idealista.com/en/inmueble/87606686/,2020-10-01,sale
"Flat / Apartment in calle el Tres Papás, Arrecife, NN, Centro, Arrecife",Lanzarote,Arrecife,110000,2,59,https://www.idealista.com/en/inmueble/82252477/,2020-10-01,sale
"Flat / Apartment in Valterra-La Vega-Las Salinas, Arrecife",Lanzarote,Arrecife,177000,3,102,https://www.idealista.com/en/inmueble/89154783/,2020-10-01,sale
"Flat / Apartment in calle Cribo, Argana-Maneje, Arrecife",Lanzarote,Arrecife,87000,2,60,https://www.idealista.com/en/inmueble/91161952/,2020-10-01,sale
"Flat / Apartment in Liria, 10, Argana-Maneje, Arrecife",Lanzarote,Arrecife,87000,2,75,https://www.idealista.com/en/inmueble/91151374/,2020-10-01,sale
"Flat / Apartment in calle Teide, Puerto del Carmen, Tias",Lanzarote,Tias,195000,2,56,https://www.idealista.com/en/inmueble/90901509/,2020-10-01,sale
"Flat / Apartment in Calle Coronel Bens, Centro, Arrecife",Lanzarote,Arrecife,115500,2,81,https://www.idealista.com/en/inmueble/89211296/,2020-10-01,sale
"Flat / Apartment in Calle Coronel Bens, Centro, Arrecife",Lanzarote,Arrecife,130500,3,113,https://www.idealista.com/en/inmueble/88769913/,2020-10-01,sale
"Flat / Apartment in Argana-Maneje, Arrecife",Lanzarote,Arrecife,98000,3,79,https://www.idealista.com/en/inmueble/91217188/,2020-10-01,sale
"Flat / Apartment in Tías, Tias",Lanzarote,Tias,182000,2,80,https://www.idealista.com/en/inmueble/91187431/,2020-10-01,sale
"Flat / Apartment in RIEGO, 11, Centro, Arrecife",Lanzarote,Arrecife,81500,3,63,https://www.idealista.com/en/inmueble/88872736/,2020-10-01,sale
"Flat / Apartment in calle Guatemala, NN, Valterra-La Vega-Las Salinas, Arrecife",Lanzarote,Arrecife,110000,2,64,https://www.idealista.com/en/inmueble/90914955/,2020-10-01,sale
"Flat / Apartment in Perez Galdos, 31, Valterra-La Vega-Las Salinas, Arrecife",Lanzarote,Arrecife,135000,3,78,https://www.idealista.com/en/inmueble/87499415/,2020-10-01,sale
"Flat / Apartment in calle Alemania, NN, Montaña Roja, Yaiza",Lanzarote,Yaiza,120000,3,77,https://www.idealista.com/en/inmueble/87538935/,2020-10-01,sale
"Flat / Apartment in Altavista-Titerroy-San Francisco Javier, Arrecife",Lanzarote,Arrecife,98500,2,77,https://www.idealista.com/en/inmueble/90100508/,2020-10-01,sale
"Flat / Apartment in calle Salinas, Puerto del Carmen, Tias",Lanzarote,Tias,143000,2,68,https://www.idealista.com/en/inmueble/88598094/,2020-10-01,sale
"Flat / Apartment in calle de Campoamor, NN, Argana-Maneje, Arrecife",Lanzarote,Arrecife,74000,2,65,https://www.idealista.com/en/inmueble/88119229/,2020-10-01,sale
"Flat / Apartment in Triana, 99, Valterra-La Vega-Las Salinas, Arrecife",Lanzarote,Arrecife,199000,3,90,https://www.idealista.com/en/inmueble/87967748/,2020-10-01,sale
"Flat / Apartment in calle Alonso Quesada, NN, Argana-Maneje, Arrecife",Lanzarote,Arrecife,85000,3,90,https://www.idealista.com/en/inmueble/85894708/,2020-10-01,sale
"Flat / Apartment in Playa Blanca, Costa de Papagayo, Yaiza",Lanzarote,Yaiza,134000,2,57,https://www.idealista.com/en/inmueble/90970706/,2020-10-01,sale
"Flat / Apartment in Nasa, San Bartolomé",Lanzarote,San Bartolomé,180000,2,75,https://www.idealista.com/en/inmueble/90644000/,2020-10-01,sale
"Flat / Apartment in calle Extremadura, 18, Valterra-La Vega-Las Salinas, Arrecife",Lanzarote,Arrecife,140000,3,100,https://www.idealista.com/en/inmueble/83111128/,2020-10-01,sale
"Flat / Apartment in calle Chimidas, NN, San Bartolomé",Lanzarote,San Bartolomé,199000,3,78,https://www.idealista.com/en/inmueble/85491878/,2020-10-01,sale
"Flat / Apartment in calle Salinas, Puerto del Carmen, Tias",Lanzarote,Tias,149000,2,44,https://www.idealista.com/en/inmueble/87327191/,2020-10-01,sale
"Flat / Apartment in calle Alfonso XII, Argana-Maneje, Arrecife",Lanzarote,Arrecife,85529,2,68,https://www.idealista.com/en/inmueble/89846971/,2020-10-01,sale
"Flat / Apartment in Calle Cribo, Argana-Maneje, Arrecife",Lanzarote,Arrecife,60000,2,63,https://www.idealista.com/en/inmueble/88012101/,2020-10-01,sale
"Flat / Apartment in Calle Cribo, Argana-Maneje, Arrecife",Lanzarote,Arrecife,90500,3,105,https://www.idealista.com/en/inmueble/88012107/,2020-10-01,sale
Flat / Apartment in San Bartolomé,Lanzarote,San Bartolomé,147500,2,60,https://www.idealista.com/en/inmueble/91206882/,2020-10-01,sale
"Duplex in Costa Teguise, Teguise",Lanzarote,Teguise,175000,3,103,https://www.idealista.com/en/inmueble/90073526/,2020-10-01,sale
Flat / Apartment in San Bartolomé,Lanzarote,San Bartolomé,137000,2,76,https://www.idealista.com/en/inmueble/89844306/,2020-10-01,sale
"Flat / Apartment in calle Tindaya, Altavista-Titerroy-San Francisco Javier, Arrecife",Lanzarote,Arrecife,94000,2,67,https://www.idealista.com/en/inmueble/88412834/,2020-10-01,sale
"Flat / Apartment in calle PUERTO RICO, 16, Valterra-La Vega-Las Salinas, Arrecife",Lanzarote,Arrecife,121500,2,85,https://www.idealista.com/en/inmueble/85191556/,2020-10-01,sale
"Flat / Apartment in Valterra-La Vega-Las Salinas, Arrecife",Lanzarote,Arrecife,135000,4,97,https://www.idealista.com/en/inmueble/87478507/,2020-10-01,sale
"Flat / Apartment in calle José Ortega y Gasset, Valterra-La Vega-Las Salinas, Arrecife",Lanzarote,Arrecife,108000,2,80,https://www.idealista.com/en/inmueble/90913021/,2020-10-01,sale
"Flat / Apartment in calle de Alfonso XII, Argana-Maneje, Arrecife",Lanzarote,Arrecife,84000,2,70,https://www.idealista.com/en/inmueble/89752949/,2020-10-01,sale
"Flat / Apartment in calle Guenia, Centro, Arrecife",Lanzarote,Arrecife,155000,3,110,https://www.idealista.com/en/inmueble/88880837/,2020-10-01,sale
"Flat / Apartment in Periodista Viera, Centro, Arrecife",Lanzarote,Arrecife,100000,3,85,https://www.idealista.com/en/inmueble/84628311/,2020-10-01,sale
"Flat / Apartment in calle León y Castillo, 28, Centro, Arrecife",Lanzarote,Arrecife,107000,4,103,https://www.idealista.com/en/inmueble/91115983/,2020-10-01,sale
"Flat / Apartment in calle Lebrillo, Valterra-La Vega-Las Salinas, Arrecife",Lanzarote,Arrecife,130500,3,113,https://www.idealista.com/en/inmueble/89629561/,2020-10-01,sale
Duplex in San Bartolomé,Lanzarote,San Bartolomé,189000,3,110,https://www.idealista.com/en/inmueble/89393274/,2020-10-01,sale
"Flat / Apartment in calle Lérida, Valterra-La Vega-Las Salinas, Arrecife",Lanzarote,Arrecife,115000,2,64,https://www.idealista.com/en/inmueble/88741236/,2020-10-01,sale
"Flat / Apartment in calle Isla de Lobos, Costa Teguise, Teguise",Lanzarote,Teguise,150000,2,60,https://www.idealista.com/en/inmueble/90876525/,2020-10-01,sale
"Flat / Apartment in JUANA DE ARCOS, Altavista-Titerroy-San Francisco Javier, Arrecife",Lanzarote,Arrecife,150100,3,89,https://www.idealista.com/en/inmueble/88172994/,2020-10-01,sale
"Flat / Apartment in JUANA DE ARCOS, Altavista-Titerroy-San Francisco Javier, Arrecife",Lanzarote,Arrecife,125110,2,75,https://www.idealista.com/en/inmueble/88172768/,2020-10-01,sale
"Flat / Apartment in Valterra-La Vega-Las Salinas, Arrecife",Lanzarote,Arrecife,139000,4,137,https://www.idealista.com/en/inmueble/90248390/,2020-10-01,sale
"Flat / Apartment in Altavista-Titerroy-San Francisco Javier, Arrecife",Lanzarote,Arrecife,100419,3,78,https://www.idealista.com/en/inmueble/88542754/,2020-10-01,sale
"Duplex in Montaña Roja, Yaiza",Lanzarote,Yaiza,149000,2,81,https://www.idealista.com/en/inmueble/88983668/,2020-10-01,sale
"Flat / Apartment in Altavista-Titerroy-San Francisco Javier, Arrecife",Lanzarote,Arrecife,97837,3,84,https://www.idealista.com/en/inmueble/88542752/,2020-10-01,sale
"Flat / Apartment in Altavista-Titerroy-San Francisco Javier, Arrecife",Lanzarote,Arrecife,91774,2,78,https://www.idealista.com/en/inmueble/88542749/,2020-10-01,sale
"Flat / Apartment in Valterra-La Vega-Las Salinas, Arrecife",Lanzarote,Arrecife,159000,3,100,https://www.idealista.com/en/inmueble/88335950/,2020-10-01,sale
"Flat / Apartment in Centro, Arrecife",Lanzarote,Arrecife,158000,3,85,https://www.idealista.com/en/inmueble/86960510/,2020-10-01,sale
"Duplex in Altavista-Titerroy-San Francisco Javier, Arrecife",Lanzarote,Arrecife,135000,2,85,https://www.idealista.com/en/inmueble/83612362/,2020-10-01,sale
"Flat / Apartment in Valterra-La Vega-Las Salinas, Arrecife",Lanzarote,Arrecife,110000,2,66,https://www.idealista.com/en/inmueble/40187099/,2020-10-01,sale
"Flat / Apartment in calle Manolo Millares, Centro, Arrecife",Lanzarote,Arrecife,145000,3,116,https://www.idealista.com/en/inmueble/89793441/,2020-10-01,sale
Flat / Apartment in San Bartolomé,Lanzarote,San Bartolomé,147000,2,60,https://www.idealista.com/en/inmueble/83498121/,2020-10-01,sale
"Flat / Apartment in Manolo Millares, Centro, Arrecife",Lanzarote,Arrecife,140000,3,112,https://www.idealista.com/en/inmueble/91020430/,2020-10-01,sale
"Flat / Apartment in calle Janubio, 10, Costa de Papagayo, Yaiza",Lanzarote,Yaiza,173000,2,58,https://www.idealista.com/en/inmueble/82118296/,2020-10-01,sale
"Flat / Apartment in calle Ingeniero Paz Peraza, Valterra-La Vega-Las Salinas, Arrecife",Lanzarote,Arrecife,179000,3,106,https://www.idealista.com/en/inmueble/88989268/,2020-10-01,sale
"Flat / Apartment in PLAN PARCIAL MONTAÑA ROJA, Montaña Roja, Yaiza",Lanzarote,Yaiza,115000,2,64,https://www.idealista.com/en/inmueble/81508173/,2020-10-01,sale
"Flat / Apartment in Parranda de los buches, 1, Valterra-La Vega-Las Salinas, Arrecife",Lanzarote,Arrecife,167940,3,112,https://www.idealista.com/en/inmueble/87988679/,2020-10-01,sale
"Flat / Apartment in calle Blasco Ibáñez, NN, Altavista-Titerroy-San Francisco Javier, Arrecife",Lanzarote,Arrecife,101000,3,193,https://www.idealista.com/en/inmueble/87538939/,2020-10-01,sale
"Flat / Apartment in calle Janubio ,, Costa de Papagayo, Yaiza",Lanzarote,Yaiza,176000,2,70,https://www.idealista.com/en/inmueble/84773747/,2020-10-01,sale
"Flat / Apartment in Valterra-La Vega-Las Salinas, Arrecife",Lanzarote,Arrecife,128000,3,81,https://www.idealista.com/en/inmueble/91176356/,2020-10-01,sale
"Flat / Apartment in calle Norte, Centro, Arrecife",Lanzarote,Arrecife,136000,3,98,https://www.idealista.com/en/inmueble/90651912/,2020-10-01,sale
"Flat / Apartment in calle Timbayba, Altavista-Titerroy-San Francisco Javier, Arrecife",Lanzarote,Arrecife,89000,4,88,https://www.idealista.com/en/inmueble/90152352/,2020-10-01,sale
"Flat / Apartment in avenida del mar, Costa Teguise, Teguise",Lanzarote,Teguise,148500,2,60,https://www.idealista.com/en/inmueble/87756958/,2020-10-01,sale
Flat / Apartment in San Bartolomé,Lanzarote,San Bartolomé,96500,2,51,https://www.idealista.com/en/inmueble/85268811/,2020-10-01,sale
Flat / Apartment in San Bartolomé,Lanzarote,San Bartolomé,106500,2,57,https://www.idealista.com/en/inmueble/85268810/,2020-10-01,sale
Flat / Apartment in San Bartolomé,Lanzarote,San Bartolomé,102500,2,54,https://www.idealista.com/en/inmueble/85268809/,2020-10-01,sale
Flat / Apartment in San Bartolomé,Lanzarote,San Bartolomé,104000,2,54,https://www.idealista.com/en/inmueble/85268808/,2020-10-01,sale
Flat / Apartment in San Bartolomé,Lanzarote,San Bartolomé,100000,2,54,https://www.idealista.com/en/inmueble/85268807/,2020-10-01,sale
Flat / Apartment in San Bartolomé,Lanzarote,San Bartolomé,101000,2,57,https://www.idealista.com/en/inmueble/85268806/,2020-10-01,sale
Flat / Apartment in San Bartolomé,Lanzarote,San Bartolomé,97500,2,55,https://www.idealista.com/en/inmueble/85268805/,2020-10-01,sale
"Flat / Apartment in Parroco San Martín, 6, San Bartolomé",Lanzarote,San Bartolomé,96500,2,57,https://www.idealista.com/en/inmueble/85201813/,2020-10-01,sale
"Flat / Apartment in calle Juana de Arco, Arrecife, NN, Altavista-Titerroy-San Francisco Javier, Arrecife",Lanzarote,Arrecife,106000,2,70,https://www.idealista.com/en/inmueble/84957750/,2020-10-01,sale
"Flat / Apartment in calle Eugenio Dors, NN, Centro, Arrecife",Lanzarote,Arrecife,165000,3,121,https://www.idealista.com/en/inmueble/84082941/,2020-10-01,sale
"Duplex in calle de Felo Monzón, 73, Argana-Maneje, Arrecife",Lanzarote,Arrecife,105000,2,83,https://www.idealista.com/en/inmueble/91017695/,2020-10-01,sale
"Flat / Apartment in calle la Luchada, Tías, Tias",Lanzarote,Tias,119600,2,73,https://www.idealista.com/en/inmueble/90953835/,2020-10-01,sale
"Duplex in calle Guanarame, 115, San Bartolomé",Lanzarote,San Bartolomé,185000,3,80,https://www.idealista.com/en/inmueble/90103340/,2020-10-01,sale
"Duplex in calle las Adelfas, Costa Teguise, Teguise",Lanzarote,Teguise,169000,2,98,https://www.idealista.com/en/inmueble/89984667/,2020-10-01,sale
"Flat / Apartment in JUANA DE ARCOS, Altavista-Titerroy-San Francisco Javier, Arrecife",Lanzarote,Arrecife,112150,2,64,https://www.idealista.com/en/inmueble/88173186/,2020-10-01,sale
"Flat / Apartment in calle Volcán de la Corona, Puerto del Carmen, Tias",Lanzarote,Tias,195000,2,73,https://www.idealista.com/en/inmueble/87814683/,2020-10-01,sale
"Flat / Apartment in calle Aires de Lima, NN, Argana-Maneje, Arrecife",Lanzarote,Arrecife,78000,2,57,https://www.idealista.com/en/inmueble/87539137/,2020-10-01,sale
"Flat / Apartment in calle los Lirios, Tías, Tias",Lanzarote,Tias,165000,4,90,https://www.idealista.com/en/inmueble/83469243/,2020-10-01,sale
"Flat / Apartment in Puerto del Carmen, Tias",Lanzarote,Tias,199500,2,60,https://www.idealista.com/en/inmueble/90599014/,2020-10-01,sale
"Flat / Apartment in Centro, Arrecife",Lanzarote,Arrecife,150000,3,90,https://www.idealista.com/en/inmueble/89845533/,2020-10-01,sale
"Flat / Apartment in calle El Indio, Valterra-La Vega-Las Salinas, Arrecife",Lanzarote,Arrecife,96000,2,57,https://www.idealista.com/en/inmueble/89108280/,2020-10-01,sale
"Flat / Apartment in calle Vicente Guerra, Altavista-Titerroy-San Francisco Javier, Arrecife",Lanzarote,Arrecife,99000,3,83,https://www.idealista.com/en/inmueble/88760499/,2020-10-01,sale
"Flat / Apartment in avenida Mancomunidad, Centro, Arrecife",Lanzarote,Arrecife,153000,3,100,https://www.idealista.com/en/inmueble/91121650/,2020-10-01,sale
Flat / Apartment in San Bartolomé,Lanzarote,San Bartolomé,190000,2,73,https://www.idealista.com/en/inmueble/91082556/,2020-10-01,sale
"Flat / Apartment in Puerto del Carmen, Tias",Lanzarote,Tias,145000,2,53,https://www.idealista.com/en/inmueble/90906159/,2020-10-01,sale
"Flat / Apartment in Centro, Arrecife",Lanzarote,Arrecife,150000,3,90,https://www.idealista.com/en/inmueble/90129626/,2020-10-01,sale
"Flat / Apartment in Centro, Arrecife",Lanzarote,Arrecife,143000,2,69,https://www.idealista.com/en/inmueble/89855192/,2020-10-01,sale
"Flat / Apartment in Calle Coronel Bens, Centro, Arrecife",Lanzarote,Arrecife,135500,3,113,https://www.idealista.com/en/inmueble/89273460/,2020-10-01,sale
"Duplex in calle la Laguna, Costa Teguise, Teguise",Lanzarote,Teguise,195000,2,82,https://www.idealista.com/en/inmueble/83925600/,2020-10-01,sale
"Duplex in calle Irlanda, Montaña Roja, Yaiza",Lanzarote,Yaiza,149000,2,85,https://www.idealista.com/en/inmueble/83889709/,2020-10-01,sale
"Flat / Apartment in Puerto del Carmen, Tias",Lanzarote,Tias,179000,2,75,https://www.idealista.com/en/inmueble/91154335/,2020-10-01,sale
"Duplex in Altavista-Titerroy-San Francisco Javier, Arrecife",Lanzarote,Arrecife,93000,4,90,https://www.idealista.com/en/inmueble/90778409/,2020-10-01,sale
"Duplex in Centro, Arrecife",Lanzarote,Arrecife,173000,2,90,https://www.idealista.com/en/inmueble/90631183/,2020-10-01,sale
Duplex in San Bartolomé,Lanzarote,San Bartolomé,200000,4,110,https://www.idealista.com/en/inmueble/89953676/,2020-10-01,sale
"Flat / Apartment in Puerto del Carmen, Tias",Lanzarote,Tias,169000,2,65,https://www.idealista.com/en/inmueble/89692698/,2020-10-01,sale
"Flat / Apartment in Altavista-Titerroy-San Francisco Javier, Arrecife",Lanzarote,Arrecife,153000,3,93,https://www.idealista.com/en/inmueble/88706551/,2020-10-01,sale
"Flat / Apartment in Valterra-La Vega-Las Salinas, Arrecife",Lanzarote,Arrecife,133000,3,110,https://www.idealista.com/en/inmueble/88393120/,2020-10-01,sale
"Flat / Apartment in Centro, Arrecife",Lanzarote,Arrecife,110000,2,65,https://www.idealista.com/en/inmueble/88203820/,2020-10-01,sale
Flat / Apartment in San Bartolomé,Lanzarote,San Bartolomé,193000,4,234,https://www.idealista.com/en/inmueble/87589538/,2020-10-01,sale
"Flat / Apartment in puerto rico, 23, Valterra-La Vega-Las Salinas, Arrecife",Lanzarote,Arrecife,120000,3,99,https://www.idealista.com/en/inmueble/86708635/,2020-10-01,sale
"Flat / Apartment in Montaña Roja, Yaiza",Lanzarote,Yaiza,134000,2,80,https://www.idealista.com/en/inmueble/86109898/,2020-10-01,sale
"Flat / Apartment in Valterra-La Vega-Las Salinas, Arrecife",Lanzarote,Arrecife,163260,3,106,https://www.idealista.com/en/inmueble/85502866/,2020-10-01,sale
"Duplex in calle de Felo Monzón, Argana-Maneje, Arrecife",Lanzarote,Arrecife,123000,2,83,https://www.idealista.com/en/inmueble/91022136/,2020-10-01,sale
"Flat / Apartment in Yaiza - Uga, Yaiza",Lanzarote,Yaiza,100000,3,63,https://www.idealista.com/en/inmueble/90959651/,2020-10-01,sale
"Flat / Apartment in calle de Jesús Soto Morales, 40, Argana-Maneje, Arrecife",Lanzarote,Arrecife,89000,2,150,https://www.idealista.com/en/inmueble/84407581/,2020-10-01,sale
"Flat / Apartment in calle Guarapo, Villa de Teguise, Teguise",Lanzarote,Teguise,180000,6,280,https://www.idealista.com/en/inmueble/88096169/,2020-10-01,sale
"Flat / Apartment in Valterra-La Vega-Las Salinas, Arrecife",Lanzarote,Arrecife,149000,3,100,https://www.idealista.com/en/inmueble/89403302/,2020-10-01,sale
"Flat / Apartment in calle ingeniero Paz Peraza, 5, Centro, Arrecife",Lanzarote,Arrecife,160000,3,100,https://www.idealista.com/en/inmueble/84266583/,2020-10-01,sale
"Flat / Apartment in Altavista-Titerroy-San Francisco Javier, Arrecife",Lanzarote,Arrecife,89000,2,72,https://www.idealista.com/en/inmueble/88542073/,2020-10-01,sale
"Flat / Apartment in calle de Jesús Soto Morales, 40, Argana-Maneje, Arrecife",Lanzarote,Arrecife,89000,2,150,https://www.idealista.com/en/inmueble/33141920/,2020-10-01,sale
"Flat / Apartment in calle de Vicente Vilas González, Valterra-La Vega-Las Salinas, Arrecife",Lanzarote,Arrecife,137000,3,94,https://www.idealista.com/en/inmueble/90530660/,2020-10-01,sale
"Flat / Apartment in calle Guardilama, 3, Puerto del Carmen, Tias",Lanzarote,Tias,179000,2,80,https://www.idealista.com/en/inmueble/90402648/,2020-10-01,sale
"Flat / Apartment in calle el greco, Centro, Arrecife",Lanzarote,Arrecife,190000,4,95,https://www.idealista.com/en/inmueble/90295700/,2020-10-01,sale
"Flat / Apartment in calle los lirios, Tías, Tias",Lanzarote,Tias,114000,3,87,https://www.idealista.com/en/inmueble/90282481/,2020-10-01,sale
"Flat / Apartment in calle almud, San Bartolomé",Lanzarote,San Bartolomé,137000,2,73,https://www.idealista.com/en/inmueble/90259674/,2020-10-01,sale
"Flat / Apartment in calle de Blas Cabrera Topham, Valterra-La Vega-Las Salinas, Arrecife",Lanzarote,Arrecife,110000,2,58,https://www.idealista.com/en/inmueble/89839114/,2020-10-01,sale
"Flat / Apartment in Costa Teguise, Costa Teguise, Teguise",Lanzarote,Teguise,180000,2,63,https://www.idealista.com/en/inmueble/89269910/,2020-10-01,sale
"Flat / Apartment in alemania, Montaña Roja, Yaiza",Lanzarote,Yaiza,125180,2,91,https://www.idealista.com/en/inmueble/87828031/,2020-10-01,sale
"Flat / Apartment in calle San Borondon, San Bartolomé",Lanzarote,San Bartolomé,142000,2,59,https://www.idealista.com/en/inmueble/87595881/,2020-10-01,sale
"Flat / Apartment in Costa Teguise, Costa Teguise, Teguise",Lanzarote,Teguise,179995,2,80,https://www.idealista.com/en/inmueble/87407579/,2020-10-01,sale
"Flat / Apartment in calle Almirante Boado Endeiza, Centro, Arrecife",Lanzarote,Arrecife,198000,3,96,https://www.idealista.com/en/inmueble/86460430/,2020-10-01,sale
"Flat / Apartment in rafael alberti, Argana-Maneje, Arrecife",Lanzarote,Arrecife,98000,3,80,https://www.idealista.com/en/inmueble/85135437/,2020-10-01,sale
"Flat / Apartment in calle Juana de Arco, Altavista-Titerroy-San Francisco Javier, Arrecife",Lanzarote,Arrecife,128000,3,77,https://www.idealista.com/en/inmueble/82120821/,2020-10-01,sale
"Penthouse in calle Agrupación Folklórica Arrecife, 1, Valterra-La Vega-Las Salinas, Arrecife",Lanzarote,Arrecife,176000,4,176,https://www.idealista.com/en/inmueble/81614092/,2020-10-01,sale
"Flat / Apartment in calle las Piteras, Costa Teguise, Teguise",Lanzarote,Teguise,153000,2,89,https://www.idealista.com/en/inmueble/91034486/,2020-10-01,sale
Flat / Apartment in San Bartolomé,Lanzarote,San Bartolomé,105000,2,55,https://www.idealista.com/en/inmueble/89401821/,2020-10-01,sale
"Flat / Apartment in calle Peñas del Chache, Centro, Arrecife",Lanzarote,Arrecife,131700,3,115,https://www.idealista.com/en/inmueble/88373004/,2020-10-01,sale
Duplex in San Bartolomé,Lanzarote,San Bartolomé,200000,2,121,https://www.idealista.com/en/inmueble/90494530/,2020-10-01,sale
"Flat / Apartment in calle Agustín Millares Sall, Argana-Maneje, Arrecife",Lanzarote,Arrecife,111000,2,87,https://www.idealista.com/en/inmueble/90185714/,2020-10-01,sale
"Flat / Apartment in calle Agustín Millares Sall, Argana-Maneje, Arrecife",Lanzarote,Arrecife,111000,2,87,https://www.idealista.com/en/inmueble/90185686/,2020-10-01,sale
"Flat / Apartment in calle Agustín Millares Sall, Argana-Maneje, Arrecife",Lanzarote,Arrecife,111000,2,87,https://www.idealista.com/en/inmueble/90185666/,2020-10-01,sale
"Flat / Apartment in calle Agustín Millares Sall, Argana-Maneje, Arrecife",Lanzarote,Arrecife,111000,2,87,https://www.idealista.com/en/inmueble/90185639/,2020-10-01,sale
"Flat / Apartment in calle Agustín Millares Sall, Argana-Maneje, Arrecife",Lanzarote,Arrecife,89000,2,85,https://www.idealista.com/en/inmueble/90185636/,2020-10-01,sale
"Flat / Apartment in calle Agustín Millares Sall, Argana-Maneje, Arrecife",Lanzarote,Arrecife,111000,2,87,https://www.idealista.com/en/inmueble/90185618/,2020-10-01,sale
"Flat / Apartment in calle Agustín Millares Sall, Argana-Maneje, Arrecife",Lanzarote,Arrecife,89000,2,85,https://www.idealista.com/en/inmueble/90185540/,2020-10-01,sale
"Flat / Apartment in Centro, Arrecife",Lanzarote,Arrecife,100000,3,85,https://www.idealista.com/en/inmueble/90015225/,2020-10-01,sale
"Flat / Apartment in calle Agustín Millares Sall, Argana-Maneje, Arrecife",Lanzarote,Arrecife,162000,3,109,https://www.idealista.com/en/inmueble/89456469/,2020-10-01,sale
"Flat / Apartment in calle Agustín Millares Sall, Argana-Maneje, Arrecife",Lanzarote,Arrecife,89000,2,85,https://www.idealista.com/en/inmueble/89456326/,2020-10-01,sale
"Duplex in Costa Teguise, Teguise",Lanzarote,Teguise,199000,3,145,https://www.idealista.com/en/inmueble/88983608/,2020-10-01,sale
Flat / Apartment in San Bartolomé,Lanzarote,San Bartolomé,137000,2,74,https://www.idealista.com/en/inmueble/82236032/,2020-10-01,sale
"Penthouse in Tías, Tias",Lanzarote,Tias,159000,3,102,https://www.idealista.com/en/inmueble/81367231/,2020-10-01,sale
"Penthouse in calle Marqués de Santillana, Altavista-Titerroy-San Francisco Javier, Arrecife",Lanzarote,Arrecife,95000,2,58,https://www.idealista.com/en/inmueble/90458244/,2020-10-01,sale
"Flat / Apartment in calle la Férmina, 64, Altavista-Titerroy-San Francisco Javier, Arrecife",Lanzarote,Arrecife,83000,2,66,https://www.idealista.com/en/inmueble/90270497/,2020-10-01,sale
"Flat / Apartment in calle Periodista Viera, 9, Centro, Arrecife",Lanzarote,Arrecife,162000,3,90,https://www.idealista.com/en/inmueble/90102471/,2020-10-01,sale
"Flat / Apartment in calle Janubio, 10, Costa de Papagayo, Yaiza",Lanzarote,Yaiza,175000,2,75,https://www.idealista.com/en/inmueble/88833403/,2020-10-01,sale
Flat / Apartment in San Bartolomé,Lanzarote,San Bartolomé,169000,2,65,https://www.idealista.com/en/inmueble/88420159/,2020-10-01,sale
Flat / Apartment in San Bartolomé,Lanzarote,San Bartolomé,157000,2,80,https://www.idealista.com/en/inmueble/87750297/,2020-10-01,sale
"Flat / Apartment in avenida del Mar, 27, Costa Teguise, Teguise",Lanzarote,Teguise,150000,2,67,https://www.idealista.com/en/inmueble/86528017/,2020-10-01,sale
"Flat / Apartment in calle León y Castillo, Centro, Arrecife",Lanzarote,Arrecife,185000,3,110,https://www.idealista.com/en/inmueble/90903852/,2020-10-01,sale
"Flat / Apartment in calle Juana de Arco, Altavista-Titerroy-San Francisco Javier, Arrecife",Lanzarote,Arrecife,103000,3,80,https://www.idealista.com/en/inmueble/90871501/,2020-10-01,sale
"Flat / Apartment in Valterra-La Vega-Las Salinas, Arrecife",Lanzarote,Arrecife,140000,4,97,https://www.idealista.com/en/inmueble/90721911/,2020-10-01,sale
Flat / Apartment in Haria,Lanzarote,Haria,155000,2,128,https://www.idealista.com/en/inmueble/90538768/,2020-10-01,sale
"Flat / Apartment in Altavista-Titerroy-San Francisco Javier, Arrecife",Lanzarote,Arrecife,89000,2,63,https://www.idealista.com/en/inmueble/90348930/,2020-10-01,sale
"Flat / Apartment in Centro, Arrecife",Lanzarote,Arrecife,195000,3,113,https://www.idealista.com/en/inmueble/87047432/,2020-10-01,sale
"Duplex in Costa Teguise, Teguise",Lanzarote,Teguise,185000,2,97,https://www.idealista.com/en/inmueble/89617150/,2020-10-01,sale
"Flat / Apartment in Valterra-La Vega-Las Salinas, Arrecife",Lanzarote,Arrecife,87000,2,125,https://www.idealista.com/en/inmueble/89156828/,2020-10-01,sale
"Flat / Apartment in calle Tindaya, Altavista-Titerroy-San Francisco Javier, Arrecife",Lanzarote,Arrecife,106000,3,86,https://www.idealista.com/en/inmueble/88584314/,2020-10-01,sale
"Duplex in Montaña Roja, Yaiza",Lanzarote,Yaiza,147500,2,84,https://www.idealista.com/en/inmueble/88483599/,2020-10-01,sale
"Flat / Apartment in Montaña Roja, Yaiza",Lanzarote,Yaiza,117000,2,92,https://www.idealista.com/en/inmueble/85995878/,2020-10-01,sale
"Flat / Apartment in calle el Tres Papás, Arrecife, Centro, Arrecife",Lanzarote,Arrecife,110000,2,60,https://www.idealista.com/en/inmueble/83655485/,2020-10-01,sale
"Flat / Apartment in calle alisios, San Bartolomé",Lanzarote,San Bartolomé,165000,2,57,https://www.idealista.com/en/inmueble/83561497/,2020-10-01,sale
"Flat / Apartment in calle Triana, 99, Valterra-La Vega-Las Salinas, Arrecife",Lanzarote,Arrecife,180000,3,87,https://www.idealista.com/en/inmueble/91183744/,2020-10-01,sale
"Flat / Apartment in Tías, Tias",Lanzarote,Tias,119600,2,73,https://www.idealista.com/en/inmueble/88753303/,2020-10-01,sale
"Penthouse in Lugar Diseminado Costa de Papagayo, Costa de Papagayo, Yaiza",Lanzarote,Yaiza,159000,2,60,https://www.idealista.com/en/inmueble/87305581/,2020-10-01,sale
"Flat / Apartment in calle Juana de Arco, 38, Altavista-Titerroy-San Francisco Javier, Arrecife",Lanzarote,Arrecife,128000,3,90,https://www.idealista.com/en/inmueble/90900677/,2020-10-01,sale
"Flat / Apartment in Av. Faro Pechiguera, Montaña Roja, Yaiza",Lanzarote,Yaiza,125000,2,76,https://www.idealista.com/en/inmueble/90892504/,2020-10-01,sale
"Flat / Apartment in calle Filipinas, 7, Altavista-Titerroy-San Francisco Javier, Arrecife",Lanzarote,Arrecife,130000,3,130,https://www.idealista.com/en/inmueble/90494951/,2020-10-01,sale
"Flat / Apartment in plaza Pedro Alcántara, Centro, Arrecife",Lanzarote,Arrecife,115500,2,81,https://www.idealista.com/en/inmueble/89629563/,2020-10-01,sale
"Flat / Apartment in calle Párroco San Martín, San Bartolomé",Lanzarote,San Bartolomé,96500,2,51,https://www.idealista.com/en/inmueble/89623035/,2020-10-01,sale
"Flat / Apartment in calle Párroco San Martín, San Bartolomé",Lanzarote,San Bartolomé,106500,2,57,https://www.idealista.com/en/inmueble/89623033/,2020-10-01,sale
"Flat / Apartment in calle Párroco San Martín, San Bartolomé",Lanzarote,San Bartolomé,102500,2,54,https://www.idealista.com/en/inmueble/89623032/,2020-10-01,sale
"Flat / Apartment in calle Párroco San Martín, San Bartolomé",Lanzarote,San Bartolomé,104000,2,54,https://www.idealista.com/en/inmueble/89623031/,2020-10-01,sale
"Flat / Apartment in calle Párroco San Martín, San Bartolomé",Lanzarote,San Bartolomé,101000,2,57,https://www.idealista.com/en/inmueble/89623029/,2020-10-01,sale
"Flat / Apartment in calle Párroco San Martín, San Bartolomé",Lanzarote,San Bartolomé,97500,2,55,https://www.idealista.com/en/inmueble/89623028/,2020-10-01,sale
"Flat / Apartment in calle Párroco San Martín, San Bartolomé",Lanzarote,San Bartolomé,100000,2,54,https://www.idealista.com/en/inmueble/89623027/,2020-10-01,sale
"Flat / Apartment in calle Triana, Centro, Arrecife",Lanzarote,Arrecife,165000,3,92,https://www.idealista.com/en/inmueble/87745415/,2020-10-01,sale
"Flat / Apartment in calle Manolo Millares, Centro, Arrecife",Lanzarote,Arrecife,143000,3,106,https://www.idealista.com/en/inmueble/87208152/,2020-10-01,sale
"Flat / Apartment in Costa Teguise, Teguise",Lanzarote,Teguise,145000,2,65,https://www.idealista.com/en/inmueble/91163744/,2020-10-01,sale
"Flat / Apartment in calle Tanza, 18, San Bartolomé",Lanzarote,San Bartolomé,162500,3,80,https://www.idealista.com/en/inmueble/91157424/,2020-10-01,sale
"Flat / Apartment in Valterra-La Vega-Las Salinas, Arrecife",Lanzarote,Arrecife,135000,4,150,https://www.idealista.com/en/inmueble/91117238/,2020-10-01,sale
"Flat / Apartment in Centro, Arrecife",Lanzarote,Arrecife,88000,2,60,https://www.idealista.com/en/inmueble/91022320/,2020-10-01,sale
"Flat / Apartment in PANAMA, Costa Teguise, Teguise",Lanzarote,Teguise,140000,2,95,https://www.idealista.com/en/inmueble/90864591/,2020-10-01,sale
"Flat / Apartment in Puerto del Carmen, Tias",Lanzarote,Tias,179950,2,75,https://www.idealista.com/en/inmueble/90806810/,2020-10-01,sale
"Flat / Apartment in Calle Felipe II, 51, Altavista-Titerroy-San Francisco Javier, Arrecife",Lanzarote,Arrecife,80000,2,65,https://www.idealista.com/en/inmueble/87812686/,2020-10-01,sale
"Flat / Apartment in Urbanización Los lirios, Tías, Tias",Lanzarote,Tias,105000,3,78,https://www.idealista.com/en/inmueble/90047026/,2020-10-01,sale
"Flat / Apartment in Tías, Tias",Lanzarote,Tias,105000,3,75,https://www.idealista.com/en/inmueble/89914236/,2020-10-01,sale
"Flat / Apartment in calle Monterrey, Argana-Maneje, Arrecife",Lanzarote,Arrecife,71600,2,61,https://www.idealista.com/en/inmueble/89898562/,2020-10-01,sale
"Flat / Apartment in calle Folias, Argana-Maneje, Arrecife",Lanzarote,Arrecife,92948,3,69,https://www.idealista.com/en/inmueble/89586919/,2020-10-01,sale
"Flat / Apartment in Valterra-La Vega-Las Salinas, Arrecife",Lanzarote,Arrecife,95000,2,80,https://www.idealista.com/en/inmueble/88899463/,2020-10-01,sale
"Penthouse in Calle Francos, NN, Centro, Arrecife",Lanzarote,Arrecife,120000,2,93,https://www.idealista.com/en/inmueble/88807509/,2020-10-01,sale
"Flat / Apartment in Calle Francos, NN, Centro, Arrecife",Lanzarote,Arrecife,80000,2,61,https://www.idealista.com/en/inmueble/88807505/,2020-10-01,sale
"Flat / Apartment in Costa Teguise, Teguise",Lanzarote,Teguise,148000,2,72,https://www.idealista.com/en/inmueble/90905192/,2020-10-01,sale
"Flat / Apartment in calle Colombia, Costa Teguise, Teguise",Lanzarote,Teguise,145000,2,67,https://www.idealista.com/en/inmueble/87954105/,2020-10-01,sale
"Flat / Apartment in calle San Simon, San Bartolomé",Lanzarote,San Bartolomé,130000,5,123,https://www.idealista.com/en/inmueble/91075301/,2020-10-01,sale
"Flat / Apartment in calle San Pedro, Tías, Tias",Lanzarote,Tias,180000,2,70,https://www.idealista.com/en/inmueble/91014604/,2020-10-01,sale
Flat / Apartment in San Bartolomé,Lanzarote,San Bartolomé,192000,2,65,https://www.idealista.com/en/inmueble/90772642/,2020-10-01,sale
"Flat / Apartment in calle Pleamar, San Bartolomé",Lanzarote,San Bartolomé,155000,2,60,https://www.idealista.com/en/inmueble/90725426/,2020-10-01,sale
"Flat / Apartment in avenida las Palmeras, Costa Teguise, Teguise",Lanzarote,Teguise,175000,2,78,https://www.idealista.com/en/inmueble/90697697/,2020-10-01,sale
"Duplex in calle el Timple, 34, Costa Teguise, Teguise",Lanzarote,Teguise,198000,2,103,https://www.idealista.com/en/inmueble/90072031/,2020-10-01,sale
"Flat / Apartment in Altavista-Titerroy-San Francisco Javier, Arrecife",Lanzarote,Arrecife,96540,2,64,https://www.idealista.com/en/inmueble/89940253/,2020-10-01,sale
"Flat / Apartment in Centro, Arrecife",Lanzarote,Arrecife,121603,2,60,https://www.idealista.com/en/inmueble/87306240/,2020-10-01,sale
"Flat / Apartment in calle Tenique, Altavista-Titerroy-San Francisco Javier, Arrecife",Lanzarote,Arrecife,70400,2,65,https://www.idealista.com/en/inmueble/89666782/,2020-10-01,sale
"Flat / Apartment in calle Tindaya, Altavista-Titerroy-San Francisco Javier, Arrecife",Lanzarote,Arrecife,70600,3,91,https://www.idealista.com/en/inmueble/89642051/,2020-10-01,sale
"Flat / Apartment in calle Crucero Baleares, Altavista-Titerroy-San Francisco Javier, Arrecife",Lanzarote,Arrecife,55700,2,58,https://www.idealista.com/en/inmueble/89636265/,2020-10-01,sale
"Flat / Apartment in calle Cribo, Argana-Maneje, Arrecife",Lanzarote,Arrecife,60000,2,63,https://www.idealista.com/en/inmueble/89629552/,2020-10-01,sale
"Flat / Apartment in calle Cribo, Argana-Maneje, Arrecife",Lanzarote,Arrecife,90500,3,105,https://www.idealista.com/en/inmueble/89629551/,2020-10-01,sale
"Flat / Apartment in avenida Alcalde Ginés de la Hoz, Valterra-La Vega-Las Salinas, Arrecife",Lanzarote,Arrecife,150000,3,80,https://www.idealista.com/en/inmueble/89403357/,2020-10-01,sale
"Flat / Apartment in calle Calvo Sotelo, Valterra-La Vega-Las Salinas, Arrecife",Lanzarote,Arrecife,119000,4,105,https://www.idealista.com/en/inmueble/89403317/,2020-10-01,sale
"Flat / Apartment in calle Periodista Viera, Centro, Arrecife",Lanzarote,Arrecife,162000,3,90,https://www.idealista.com/en/inmueble/89351252/,2020-10-01,sale
"Flat / Apartment in fuente dulce, 5, Haria",Lanzarote,Haria,119500,2,65,https://www.idealista.com/en/inmueble/86755021/,2020-10-01,sale
"Flat / Apartment in calle La Sepa, Haria",Lanzarote,Haria,199000,3,58,https://www.idealista.com/en/inmueble/85805490/,2020-10-01,sale
"Flat / Apartment in Valterra-La Vega-Las Salinas, Arrecife",Lanzarote,Arrecife,126500,2,62,https://www.idealista.com/en/inmueble/90817804/,2020-10-01,sale
Flat / Apartment in San Bartolomé,Lanzarote,San Bartolomé,157000,2,60,https://www.idealista.com/en/inmueble/90729162/,2020-10-01,sale
"Flat / Apartment in calle Francisco Fernández Bethencourt, Valterra-La Vega-Las Salinas, Arrecife",Lanzarote,Arrecife,101800,2,125,https://www.idealista.com/en/inmueble/89596747/,2020-10-01,sale
"Flat / Apartment in calle Agustín Espinosa, 68, Altavista-Titerroy-San Francisco Javier, Arrecife",Lanzarote,Arrecife,82500,2,79,https://www.idealista.com/en/inmueble/89716249/,2020-10-01,sale
"Flat / Apartment in calle Caldera de Bandama, Valterra-La Vega-Las Salinas, Arrecife",Lanzarote,Arrecife,168500,3,90,https://www.idealista.com/en/inmueble/89108337/,2020-10-01,sale
"Flat / Apartment in calle el Indio, Valterra-La Vega-Las Salinas, Arrecife",Lanzarote,Arrecife,96000,2,59,https://www.idealista.com/en/inmueble/89108214/,2020-10-01,sale
"Flat / Apartment in calle Villacampa, Centro, Arrecife",Lanzarote,Arrecife,145000,3,116,https://www.idealista.com/en/inmueble/88451034/,2020-10-01,sale
"Flat / Apartment in Valterra-La Vega-Las Salinas, Arrecife",Lanzarote,Arrecife,120000,3,99,https://www.idealista.com/en/inmueble/86560408/,2020-10-01,sale
"Flat / Apartment in Puerto del Carmen, Tias",Lanzarote,Tias,139950,2,60,https://www.idealista.com/en/inmueble/90806671/,2020-10-01,sale
"Flat / Apartment in Peñas del Chache, Centro, Arrecife",Lanzarote,Arrecife,152250,4,95,https://www.idealista.com/en/inmueble/89724686/,2020-10-01,sale
"Flat / Apartment in calle la Inés, Centro, Arrecife",Lanzarote,Arrecife,119000,3,111,https://www.idealista.com/en/inmueble/88891378/,2020-10-01,sale
"Flat / Apartment in calle princesa ico, 3, San Bartolomé",Lanzarote,San Bartolomé,199000,3,70,https://www.idealista.com/en/inmueble/84146676/,2020-10-01,sale
"Flat / Apartment in calle Camilo Jose Cela, NN, Argana-Maneje, Arrecife",Lanzarote,Arrecife,135000,3,129,https://www.idealista.com/en/inmueble/39422753/,2020-10-01,sale
"Flat / Apartment in calle San Pedro, Tías, Tias",Lanzarote,Tias,182000,2,70,https://www.idealista.com/en/inmueble/91110577/,2020-10-01,sale
"Flat / Apartment in Playa Blanca, Yaiza",Lanzarote,Yaiza,115000,2,70,https://www.idealista.com/en/inmueble/90958577/,2020-10-01,sale
"Flat / Apartment in calle botavara, Puerto del Carmen, Tias",Lanzarote,Tias,147000,2,69,https://www.idealista.com/en/inmueble/90947582/,2020-10-01,sale
"Duplex in calle Gobernador José García Hernandez, Valterra-La Vega-Las Salinas, Arrecife",Lanzarote,Arrecife,199000,3,111,https://www.idealista.com/en/inmueble/90823974/,2020-10-01,sale
"Flat / Apartment in calle Lebrillo, Valterra-La Vega-Las Salinas, Arrecife",Lanzarote,Arrecife,135500,3,113,https://www.idealista.com/en/inmueble/89629562/,2020-10-01,sale
"Flat / Apartment in Altavista-Titerroy-San Francisco Javier, Arrecife",Lanzarote,Arrecife,89000,2,69,https://www.idealista.com/en/inmueble/89610973/,2020-10-01,sale
"Flat / Apartment in TELESFORO BRAVO 27 ARRECIFE, Altavista-Titerroy-San Francisco Javier, Arrecife",Lanzarote,Arrecife,55700,2,52,https://www.idealista.com/en/inmueble/89049861/,2020-10-01,sale
"Flat / Apartment in calle Timple, Puerto del Carmen, Tias",Lanzarote,Tias,195000,2,54,https://www.idealista.com/en/inmueble/88788076/,2020-10-01,sale
"Flat / Apartment in Centro, Arrecife",Lanzarote,Arrecife,165000,4,113,https://www.idealista.com/en/inmueble/88581425/,2020-10-01,sale
"Duplex in Costa Teguise, Teguise",Lanzarote,Teguise,200000,3,100,https://www.idealista.com/en/inmueble/34752377/,2020-10-01,sale
"Flat / Apartment in calle los Lirios, Tías, Tias",Lanzarote,Tias,120750,3,87,https://www.idealista.com/en/inmueble/84203091/,2020-10-01,sale
"Flat / Apartment in Playa Blanca, Yaiza",Lanzarote,Yaiza,145000,2,70,https://www.idealista.com/en/inmueble/90987243/,2020-10-01,sale
"Flat / Apartment in Los Lirios, 1, Tías, Tias",Lanzarote,Tias,106500,3,86,https://www.idealista.com/en/inmueble/90592934/,2020-10-01,sale
"Flat / Apartment in Valterra-La Vega-Las Salinas, Arrecife",Lanzarote,Arrecife,130000,3,93,https://www.idealista.com/en/inmueble/90883169/,2020-10-01,sale
"Penthouse in Valterra-La Vega-Las Salinas, Arrecife",Lanzarote,Arrecife,175000,4,94,https://www.idealista.com/en/inmueble/90710662/,2020-10-01,sale
"Flat / Apartment in calle Fernando el Católico, Altavista-Titerroy-San Francisco Javier, Arrecife",Lanzarote,Arrecife,69000,2,86,https://www.idealista.com/en/inmueble/90217249/,2020-10-01,sale
"Flat / Apartment in Playa Blanca, Yaiza",Lanzarote,Yaiza,130000,2,77,https://www.idealista.com/en/inmueble/90134667/,2020-10-01,sale
"Flat / Apartment in Centro, Arrecife",Lanzarote,Arrecife,128000,3,66,https://www.idealista.com/en/inmueble/89776597/,2020-10-01,sale
"Duplex in Montaña Roja, Yaiza",Lanzarote,Yaiza,163500,2,106,https://www.idealista.com/en/inmueble/88592563/,2020-10-01,sale
"Duplex in Montaña Roja, Yaiza",Lanzarote,Yaiza,145000,2,90,https://www.idealista.com/en/inmueble/91034257/,2020-10-01,sale
Flat / Apartment in San Bartolomé,Lanzarote,San Bartolomé,155000,2,75,https://www.idealista.com/en/inmueble/91160036/,2020-10-01,sale
"Flat / Apartment in Argana-Maneje, Arrecife",Lanzarote,Arrecife,87000,2,60,https://www.idealista.com/en/inmueble/91142404/,2020-10-01,sale
"Flat / Apartment in calle de Blas Cabrera Topham, Valterra-La Vega-Las Salinas, Arrecife",Lanzarote,Arrecife,110000,2,68,https://www.idealista.com/en/inmueble/90668462/,2020-10-01,sale
"Flat / Apartment in Valterra-La Vega-Las Salinas, Arrecife",Lanzarote,Arrecife,99000,3,80,https://www.idealista.com/en/inmueble/89733250/,2020-10-01,sale
"Flat / Apartment in avenida Las Palmeras, Costa Teguise, Teguise",Lanzarote,Teguise,175000,2,74,https://www.idealista.com/en/inmueble/85228010/,2020-10-01,sale
"Flat / Apartment in Guatemala, Valterra-La Vega-Las Salinas, Arrecife",Lanzarote,Arrecife,110000,2,64,https://www.idealista.com/en/inmueble/91097825/,2020-10-01,sale
"Flat / Apartment in calle Tindaya, 11, Altavista-Titerroy-San Francisco Javier, Arrecife",Lanzarote,Arrecife,70600,3,91,https://www.idealista.com/en/inmueble/89202345/,2020-10-01,sale
"Flat / Apartment in Arrecife, Centro, Arrecife",Lanzarote,Arrecife,123000,2,80,https://www.idealista.com/en/inmueble/90968894/,2020-10-01,sale
"Flat / Apartment in Altavista-Titerroy-San Francisco Javier, Arrecife",Lanzarote,Arrecife,120000,2,102,https://www.idealista.com/en/inmueble/90838780/,2020-10-01,sale
"Flat / Apartment in calle León y Castillo, 106, Valterra-La Vega-Las Salinas, Arrecife",Lanzarote,Arrecife,119000,2,82,https://www.idealista.com/en/inmueble/88976003/,2020-10-01,sale
"Flat / Apartment in Centro, Arrecife",Lanzarote,Arrecife,160000,4,109,https://www.idealista.com/en/inmueble/88106564/,2020-10-01,sale
"Flat / Apartment in calle Los Ajaches, Puerto del Carmen, Tias",Lanzarote,Tias,190000,2,88,https://www.idealista.com/en/inmueble/86204538/,2020-10-01,sale
"Flat / Apartment in calle la Palma, 32, Centro, Arrecife",Lanzarote,Arrecife,129000,2,78,https://www.idealista.com/en/inmueble/37139372/,2020-10-01,sale
"Flat / Apartment in Altavista-Titerroy-San Francisco Javier, Arrecife",Lanzarote,Arrecife,105000,2,71,https://www.idealista.com/en/inmueble/90873092/,2020-10-01,sale
"Flat / Apartment in calle Fuerteventura, 1, Centro, Arrecife",Lanzarote,Arrecife,125000,3,100,https://www.idealista.com/en/inmueble/28487003/,2020-10-01,sale
"Flat / Apartment in calle Peñas del Chache, Centro, Arrecife",Lanzarote,Arrecife,152250,4,89,https://www.idealista.com/en/inmueble/90697367/,2020-10-01,sale
"Flat / Apartment in calle Chalana, San Bartolomé",Lanzarote,San Bartolomé,185000,2,126,https://www.idealista.com/en/inmueble/90505780/,2020-10-01,sale
"Duplex in Yaiza - Uga, Yaiza",Lanzarote,Yaiza,185000,3,124,https://www.idealista.com/en/inmueble/89255041/,2020-10-01,sale
"Flat / Apartment in calle Málaga, Altavista-Titerroy-San Francisco Javier, Arrecife",Lanzarote,Arrecife,140000,3,118,https://www.idealista.com/en/inmueble/88976922/,2020-10-01,sale
"Penthouse in calle norte, Valterra-La Vega-Las Salinas, Arrecife",Lanzarote,Arrecife,118500,2,70,https://www.idealista.com/en/inmueble/88728225/,2020-10-01,sale
"Flat / Apartment in Puerto del Carmen, Tias",Lanzarote,Tias,185000,2,65,https://www.idealista.com/en/inmueble/87859435/,2020-10-01,sale
"Flat / Apartment in calle peru, Valterra-La Vega-Las Salinas, Arrecife",Lanzarote,Arrecife,160000,3,92,https://www.idealista.com/en/inmueble/88478571/,2020-10-01,sale
"Duplex in Costa Teguise, Teguise",Lanzarote,Teguise,200000,3,104,https://www.idealista.com/en/inmueble/87859408/,2020-10-01,sale
"Flat / Apartment in calle Manolo Millares, 54, Centro, Arrecife",Lanzarote,Arrecife,90000,2,65,https://www.idealista.com/en/inmueble/88258719/,2020-10-01,sale
"Penthouse in calle Jacinto Borges Díaz, 57, Centro, Arrecife",Lanzarote,Arrecife,130000,2,58,https://www.idealista.com/en/inmueble/88112158/,2020-10-01,sale
"Flat / Apartment in Valterra-La Vega-Las Salinas, Arrecife",Lanzarote,Arrecife,89500,3,90,https://www.idealista.com/en/inmueble/87708137/,2020-10-01,sale
"Flat / Apartment in calle León y Castillo, 10, Centro, Arrecife",Lanzarote,Arrecife,200000,3,110,https://www.idealista.com/en/inmueble/86718926/,2020-10-01,sale
"Flat / Apartment in calle Tajaraste, Argana-Maneje, Arrecife",Lanzarote,Arrecife,84000,2,68,https://www.idealista.com/en/inmueble/86396931/,2020-10-01,sale
"Flat / Apartment in calle Alfonso XII, Argana-Maneje, Arrecife",Lanzarote,Arrecife,100483,3,84,https://www.idealista.com/en/inmueble/89846957/,2020-10-01,sale
"Flat / Apartment in calle San Borondon, San Bartolomé",Lanzarote,San Bartolomé,117300,2,61,https://www.idealista.com/en/inmueble/91049749/,2020-10-01,sale
"Flat / Apartment in camino Hoyo del Agua, Tías, Tias",Lanzarote,Tias,119600,2,73,https://www.idealista.com/en/inmueble/91049539/,2020-10-01,sale
"Flat / Apartment in Valterra-La Vega-Las Salinas, Arrecife",Lanzarote,Arrecife,107000,3,84,https://www.idealista.com/en/inmueble/90608754/,2020-10-01,sale
"Duplex in Puerto del Carmen, Tias",Lanzarote,Tias,169000,2,73,https://www.idealista.com/en/inmueble/89776294/,2020-10-01,sale
"Duplex in Montaña Roja, Yaiza",Lanzarote,Yaiza,140000,2,90,https://www.idealista.com/en/inmueble/81924139/,2020-10-01,sale
"Flat / Apartment in Argana-Maneje, Arrecife",Lanzarote,Arrecife,90000,2,63,https://www.idealista.com/en/inmueble/90347922/,2020-10-01,sale
"Flat / Apartment in avenida de la Mancomunidad, Centro, Arrecife",Lanzarote,Arrecife,153000,3,100,https://www.idealista.com/en/inmueble/90294800/,2020-10-01,sale
"Flat / Apartment in Villa de Teguise, Teguise",Lanzarote,Teguise,142500,3,89,https://www.idealista.com/en/inmueble/89831240/,2020-10-01,sale
"Flat / Apartment in Valterra-La Vega-Las Salinas, Arrecife",Lanzarote,Arrecife,137000,4,102,https://www.idealista.com/en/inmueble/88266578/,2020-10-01,sale
"Flat / Apartment in Centro, Arrecife",Lanzarote,Arrecife,170000,4,133,https://www.idealista.com/en/inmueble/89448842/,2020-10-01,sale
"Flat / Apartment in Altavista-Titerroy-San Francisco Javier, Arrecife",Lanzarote,Arrecife,77000,2,56,https://www.idealista.com/en/inmueble/89394404/,2020-10-01,sale
"Flat / Apartment in Centro, Arrecife",Lanzarote,Arrecife,110000,3,70,https://www.idealista.com/en/inmueble/88345796/,2020-10-01,sale
Flat / Apartment in San Bartolomé,Lanzarote,San Bartolomé,117300,2,61,https://www.idealista.com/en/inmueble/90941589/,2020-10-01,sale
"Flat / Apartment in calle Tenique, 20, Altavista-Titerroy-San Francisco Javier, Arrecife",Lanzarote,Arrecife,70400,2,65,https://www.idealista.com/en/inmueble/88784013/,2020-10-01,sale
"Flat / Apartment in Centro, Arrecife",Lanzarote,Arrecife,120000,2,57,https://www.idealista.com/en/inmueble/83487508/,2020-10-01,sale
"Duplex in Montaña Roja, Yaiza",Lanzarote,Yaiza,189000,3,80,https://www.idealista.com/en/inmueble/90673810/,2020-10-01,sale
"Flat / Apartment in calle Guágaro, 6, Argana-Maneje, Arrecife",Lanzarote,Arrecife,123000,2,80,https://www.idealista.com/en/inmueble/90550820/,2020-10-01,sale
"Duplex in Montaña Roja, Yaiza",Lanzarote,Yaiza,150000,2,90,https://www.idealista.com/en/inmueble/90462485/,2020-10-01,sale
"Flat / Apartment in calle Caracas, 28, Argana-Maneje, Arrecife",Lanzarote,Arrecife,90000,2,57,https://www.idealista.com/en/inmueble/83735595/,2020-10-01,sale
"Flat / Apartment in TRIANA, Valterra-La Vega-Las Salinas, Arrecife",Lanzarote,Arrecife,171000,3,100,https://www.idealista.com/en/inmueble/89002946/,2020-10-01,sale
"Flat / Apartment in SALTONA, Argana-Maneje, Arrecife",Lanzarote,Arrecife,78000,2,78,https://www.idealista.com/en/inmueble/88655771/,2020-10-01,sale
"Flat / Apartment in calle Panamá, 28, Costa Teguise, Teguise",Lanzarote,Teguise,159000,2,80,https://www.idealista.com/en/inmueble/86712024/,2020-10-01,sale
"Flat / Apartment in calle el Cid Campeador, 21, Altavista-Titerroy-San Francisco Javier, Arrecife",Lanzarote,Arrecife,95000,2,72,https://www.idealista.com/en/inmueble/86480593/,2020-10-01,sale
"Flat / Apartment in calle Blas Cabrera Topham, 60, Valterra-La Vega-Las Salinas, Arrecife",Lanzarote,Arrecife,110000,2,69,https://www.idealista.com/en/inmueble/1768219/,2020-10-01,sale
"Flat / Apartment in calle Aires de Lima, 69, Argana-Maneje, Arrecife",Lanzarote,Arrecife,87000,2,65,https://www.idealista.com/en/inmueble/25324856/,2020-10-01,sale
"Flat / Apartment in calle Triana, 99, Valterra-La Vega-Las Salinas, Arrecife",Lanzarote,Arrecife,193000,3,95,https://www.idealista.com/en/inmueble/2142224/,2020-10-01,sale
"Flat / Apartment in calle Rociega, 22, Puerto del Carmen, Tias",Lanzarote,Tias,139500,2,49,https://www.idealista.com/en/inmueble/91140853/,2020-10-01,sale
"Flat / Apartment in calle panama, 5, Costa Teguise, Teguise",Lanzarote,Teguise,139000,2,80,https://www.idealista.com/en/inmueble/89439766/,2020-10-01,sale
"Flat / Apartment in calle de Campoamor, 4, Argana-Maneje, Arrecife",Lanzarote,Arrecife,82000,2,60,https://www.idealista.com/en/inmueble/91054736/,2020-10-01,sale
"Flat / Apartment in Argana-Maneje, Arrecife",Lanzarote,Arrecife,95000,2,75,https://www.idealista.com/en/inmueble/90377384/,2020-10-01,sale
"Flat / Apartment in Valterra-La Vega-Las Salinas, Arrecife",Lanzarote,Arrecife,129000,3,80,https://www.idealista.com/en/inmueble/90211713/,2020-10-01,sale
"Flat / Apartment in Valterra-La Vega-Las Salinas, Arrecife",Lanzarote,Arrecife,132000,3,105,https://www.idealista.com/en/inmueble/89727614/,2020-10-01,sale
"Flat / Apartment in Montaña Roja, Yaiza",Lanzarote,Yaiza,94500,2,72,https://www.idealista.com/en/inmueble/89281661/,2020-10-01,sale
"Flat / Apartment in Altavista-Titerroy-San Francisco Javier, Arrecife",Lanzarote,Arrecife,77000,2,63,https://www.idealista.com/en/inmueble/89152078/,2020-10-01,sale
"Flat / Apartment in Costa de Papagayo, Yaiza",Lanzarote,Yaiza,180000,2,67,https://www.idealista.com/en/inmueble/88500542/,2020-10-01,sale
"Flat / Apartment in calle Pérez Galdós, 46, Valterra-La Vega-Las Salinas, Arrecife",Lanzarote,Arrecife,130000,3,106,https://www.idealista.com/en/inmueble/87507103/,2020-10-01,sale
"Flat / Apartment in calle padre Claret, Altavista-Titerroy-San Francisco Javier, Arrecife",Lanzarote,Arrecife,110000,3,84,https://www.idealista.com/en/inmueble/84619845/,2020-10-01,sale
"Flat / Apartment in Montaña Roja, Yaiza",Lanzarote,Yaiza,125900,2,97,https://www.idealista.com/en/inmueble/84388653/,2020-10-01,sale
"Flat / Apartment in avenida central, Tías, Tias",Lanzarote,Tias,135000,2,70,https://www.idealista.com/en/inmueble/83884616/,2020-10-01,sale
"Flat / Apartment in calle Cribo, 33, Argana-Maneje, Arrecife",Lanzarote,Arrecife,85000,2,65,https://www.idealista.com/en/inmueble/83768853/,2020-10-01,sale
Flat / Apartment in Haria,Lanzarote,Haria,135900,2,69,https://www.idealista.com/en/inmueble/83346136/,2020-10-01,sale
"Flat / Apartment in calle Doctor Barraquer, 3, Altavista-Titerroy-San Francisco Javier, Arrecife",Lanzarote,Arrecife,149000,3,100,https://www.idealista.com/en/inmueble/305525/,2020-10-01,sale
"Flat / Apartment in calle el Antonio, 6, Altavista-Titerroy-San Francisco Javier, Arrecife",Lanzarote,Arrecife,115100,3,76,https://www.idealista.com/en/inmueble/90254888/,2020-10-01,sale
"Flat / Apartment in calle Alfonso XII, Argana-Maneje, Arrecife",Lanzarote,Arrecife,98401,3,80,https://www.idealista.com/en/inmueble/89846966/,2020-10-01,sale
"Flat / Apartment in calle Nicaragua, Valterra-La Vega-Las Salinas, Arrecife",Lanzarote,Arrecife,107700,2,52,https://www.idealista.com/en/inmueble/91031392/,2020-10-01,sale
"Flat / Apartment in Valterra-La Vega-Las Salinas, Arrecife",Lanzarote,Arrecife,120000,2,65,https://www.idealista.com/en/inmueble/89326467/,2020-10-01,sale
Flat / Apartment in San Bartolomé,Lanzarote,San Bartolomé,178500,2,70,https://www.idealista.com/en/inmueble/88884716/,2020-10-01,sale
"Flat / Apartment in calle Marineros Cruz del Mar, 3, Centro, Arrecife",Lanzarote,Arrecife,124000,3,113,https://www.idealista.com/en/inmueble/90275803/,2020-10-01,sale
"Flat / Apartment in calle José Ortega y Gasset, Valterra-La Vega-Las Salinas, Arrecife",Lanzarote,Arrecife,138000,3,85,https://www.idealista.com/en/inmueble/90760278/,2020-10-01,sale
"Flat / Apartment in Tanza, San Bartolomé",Lanzarote,San Bartolomé,105000,2,53,https://www.idealista.com/en/inmueble/90719526/,2020-10-01,sale
"Flat / Apartment in calle la Niña, Altavista-Titerroy-San Francisco Javier, Arrecife",Lanzarote,Arrecife,100000,3,72,https://www.idealista.com/en/inmueble/90719243/,2020-10-01,sale
Flat / Apartment in San Bartolomé,Lanzarote,San Bartolomé,148000,3,94,https://www.idealista.com/en/inmueble/90571979/,2020-10-01,sale
"Flat / Apartment in calle Carlos Sáenz Infante, 14, Centro, Arrecife",Lanzarote,Arrecife,110000,2,72,https://www.idealista.com/en/inmueble/89928641/,2020-10-01,sale
"Flat / Apartment in calle Fuencaliente, Valterra-La Vega-Las Salinas, Arrecife",Lanzarote,Arrecife,83100,3,78,https://www.idealista.com/en/inmueble/89897889/,2020-10-01,sale
"Flat / Apartment in calle Puerto Rico, Valterra-La Vega-Las Salinas, Arrecife",Lanzarote,Arrecife,120000,3,99,https://www.idealista.com/en/inmueble/89626779/,2020-10-01,sale
"Flat / Apartment in Zona Industrial, Montaña Roja, Yaiza",Lanzarote,Yaiza,125180,2,92,https://www.idealista.com/en/inmueble/89618049/,2020-10-01,sale
"Flat / Apartment in calle Monterrey, Argana-Maneje, Arrecife",Lanzarote,Arrecife,197800,4,196,https://www.idealista.com/en/inmueble/89599584/,2020-10-01,sale
"Flat / Apartment in calle Fernando el Católico, Altavista-Titerroy-San Francisco Javier, Arrecife",Lanzarote,Arrecife,90100,2,63,https://www.idealista.com/en/inmueble/89599179/,2020-10-01,sale
"Flat / Apartment in Costa Teguise, Costa Teguise, Teguise",Lanzarote,Teguise,159000,2,80,https://www.idealista.com/en/inmueble/88992782/,2020-10-01,sale
"Duplex in Costa Teguise, Teguise",Lanzarote,Teguise,185000,2,75,https://www.idealista.com/en/inmueble/88363939/,2020-10-01,sale
"Flat / Apartment in calle Princesa Ico, NN, Puerto del Carmen, Tias",Lanzarote,Tias,177600,2,72,https://www.idealista.com/en/inmueble/87652238/,2020-10-01,sale
"Flat / Apartment in Valterra-La Vega-Las Salinas, Arrecife",Lanzarote,Arrecife,94815,2,80,https://www.idealista.com/en/inmueble/87306108/,2020-10-01,sale
"Flat / Apartment in calle Triana, 72, Valterra-La Vega-Las Salinas, Arrecife",Lanzarote,Arrecife,120000,3,90,https://www.idealista.com/en/inmueble/86667043/,2020-10-01,sale
"Penthouse in calle Almud, San Bartolomé",Lanzarote,San Bartolomé,140000,2,75,https://www.idealista.com/en/inmueble/83793044/,2020-10-01,sale
"Flat / Apartment in Playa Blanca, Yaiza",Lanzarote,Yaiza,109000,2,65,https://www.idealista.com/en/inmueble/91107712/,2020-10-01,sale
"Flat / Apartment in Puerto del Carmen, Tias",Lanzarote,Tias,149950,2,55,https://www.idealista.com/en/inmueble/90806741/,2020-10-01,sale
Flat / Apartment in Haria,Lanzarote,Haria,187000,3,90,https://www.idealista.com/en/inmueble/90704642/,2020-10-01,sale
"Flat / Apartment in Costa Teguise, Teguise",Lanzarote,Teguise,153000,2,89,https://www.idealista.com/en/inmueble/35803597/,2020-10-01,sale
"Flat / Apartment in Tías, Tias",Lanzarote,Tias,100000,3,87,https://www.idealista.com/en/inmueble/90564359/,2020-10-01,sale
"Flat / Apartment in calle los Afrechos, 21, Puerto del Carmen, Tias",Lanzarote,Tias,90000,2,90,https://www.idealista.com/en/inmueble/90467234/,2020-10-01,sale
"Flat / Apartment in avenida de la Mancomunidad, 10, Centro, Arrecife",Lanzarote,Arrecife,168000,3,100,https://www.idealista.com/en/inmueble/90302911/,2020-10-01,sale
"Flat / Apartment in avenida Juan Carlos I, 10, Puerto del Carmen, Tias",Lanzarote,Tias,180000,3,100,https://www.idealista.com/en/inmueble/1740676/,2020-10-01,sale
"Flat / Apartment in Altavista-Titerroy-San Francisco Javier, Arrecife",Lanzarote,Arrecife,105600,3,89,https://www.idealista.com/en/inmueble/89156739/,2020-10-01,sale
"Flat / Apartment in calle Periodista Viera, 1, Centro, Arrecife",Lanzarote,Arrecife,100000,3,84,https://www.idealista.com/en/inmueble/87866608/,2020-10-01,sale
"Flat / Apartment in Valterra-La Vega-Las Salinas, Arrecife",Lanzarote,Arrecife,123000,3,99,https://www.idealista.com/en/inmueble/86560409/,2020-10-01,sale
"Flat / Apartment in calle Apolo, 15, Valterra-La Vega-Las Salinas, Arrecife",Lanzarote,Arrecife,95000,2,87,https://www.idealista.com/en/inmueble/1791211/,2020-10-01,sale
"Duplex in calle Panama, 2, Costa Teguise, Teguise",Lanzarote,Teguise,175000,2,120,https://www.idealista.com/en/inmueble/1662150/,2020-10-01,sale
"Flat / Apartment in Centro, Arrecife",Lanzarote,Arrecife,110000,2,65,https://www.idealista.com/en/inmueble/89403361/,2020-10-01,sale
"Flat / Apartment in Altavista-Titerroy-San Francisco Javier, Arrecife",Lanzarote,Arrecife,77000,2,63,https://www.idealista.com/en/inmueble/89152056/,2020-10-01,sale
"Flat / Apartment in Valterra-La Vega-Las Salinas, Arrecife",Lanzarote,Arrecife,110000,2,70,https://www.idealista.com/en/inmueble/90928336/,2020-10-01,sale
"Duplex in Argana-Maneje, Arrecife",Lanzarote,Arrecife,118000,3,90,https://www.idealista.com/en/inmueble/90866737/,2020-10-01,sale
"Penthouse in avenida de las Palmeras, Costa Teguise, Teguise",Lanzarote,Teguise,155000,2,80,https://www.idealista.com/en/inmueble/90647985/,2020-10-01,sale
"Flat / Apartment in calle la Cuesta, Yaiza - Uga, Yaiza",Lanzarote,Yaiza,135000,2,60,https://www.idealista.com/en/inmueble/90484175/,2020-10-01,sale
"Flat / Apartment in calle la Cuesta, Yaiza - Uga, Yaiza",Lanzarote,Yaiza,135000,2,65,https://www.idealista.com/en/inmueble/90484707/,2020-10-01,sale
"Flat / Apartment in calle de Vicente Vilas González, Valterra-La Vega-Las Salinas, Arrecife",Lanzarote,Arrecife,123000,2,82,https://www.idealista.com/en/inmueble/90400991/,2020-10-01,sale
"Duplex in calle el Antonio, Altavista-Titerroy-San Francisco Javier, Arrecife",Lanzarote,Arrecife,156000,3,102,https://www.idealista.com/en/inmueble/89403246/,2020-10-01,sale
"Flat / Apartment in calle manguia, 6, Puerto del Carmen, Tias",Lanzarote,Tias,198000,2,66,https://www.idealista.com/en/inmueble/88900622/,2020-10-01,sale
"Flat / Apartment in Costa Teguise, Teguise",Lanzarote,Teguise,145000,2,68,https://www.idealista.com/en/inmueble/88550319/,2020-10-01,sale
"Flat / Apartment in Argana-Maneje, Arrecife",Lanzarote,Arrecife,103000,3,79,https://www.idealista.com/en/inmueble/87843991/,2020-10-01,sale
"Flat / Apartment in EL ANTONIO, Altavista-Titerroy-San Francisco Javier, Arrecife",Lanzarote,Arrecife,128750,2,80,https://www.idealista.com/en/inmueble/86348845/,2020-10-01,sale
"Flat / Apartment in calle Los Crotos, 11, Costa Teguise, Teguise",Lanzarote,Teguise,195000,3,98,https://www.idealista.com/en/inmueble/85970307/,2020-10-01,sale
"Flat / Apartment in calle Carnicería, Centro, Arrecife",Lanzarote,Arrecife,86000,2,55,https://www.idealista.com/en/inmueble/90940006/,2020-10-01,sale
"Flat / Apartment in calle corbeta, San Bartolomé",Lanzarote,San Bartolomé,173500,2,64,https://www.idealista.com/en/inmueble/90905353/,2020-10-01,sale
"Flat / Apartment in calle la Niña, Altavista-Titerroy-San Francisco Javier, Arrecife",Lanzarote,Arrecife,135600,2,99,https://www.idealista.com/en/inmueble/90727077/,2020-10-01,sale
"Flat / Apartment in calle el Antonio, Altavista-Titerroy-San Francisco Javier, Arrecife",Lanzarote,Arrecife,115100,3,76,https://www.idealista.com/en/inmueble/90289615/,2020-10-01,sale
"Flat / Apartment in Argana-Maneje, Arrecife",Lanzarote,Arrecife,147000,3,282,https://www.idealista.com/en/inmueble/89943751/,2020-10-01,sale
"Flat / Apartment in Cl India, Montaña Roja, Yaiza",Lanzarote,Yaiza,98390,2,57,https://www.idealista.com/en/inmueble/89597715/,2020-10-01,sale
"Flat / Apartment in calle Pamplona, Altavista-Titerroy-San Francisco Javier, Arrecife",Lanzarote,Arrecife,103000,2,71,https://www.idealista.com/en/inmueble/89597374/,2020-10-01,sale
"Flat / Apartment in calle Alemania, Montaña Roja, Yaiza",Lanzarote,Yaiza,137090,2,97,https://www.idealista.com/en/inmueble/89597166/,2020-10-01,sale
"Flat / Apartment in calle Peñas del Chache, 10, Centro, Arrecife",Lanzarote,Arrecife,132700,3,102,https://www.idealista.com/en/inmueble/89096007/,2020-10-01,sale
"Flat / Apartment in calle Saltona, 40, Argana-Maneje, Arrecife",Lanzarote,Arrecife,78000,2,62,https://www.idealista.com/en/inmueble/88564010/,2020-10-01,sale
"Flat / Apartment in calle Peñas del Chache, Centro, Arrecife",Lanzarote,Arrecife,132700,3,102,https://www.idealista.com/en/inmueble/89673737/,2020-10-01,sale
"Flat / Apartment in calle Puerto Rico, Valterra-La Vega-Las Salinas, Arrecife",Lanzarote,Arrecife,123000,3,99,https://www.idealista.com/en/inmueble/89626778/,2020-10-01,sale
"Flat / Apartment in calle Fernando el Católico, Altavista-Titerroy-San Francisco Javier, Arrecife",Lanzarote,Arrecife,90100,2,63,https://www.idealista.com/en/inmueble/89599178/,2020-10-01,sale
"Flat / Apartment in Triana, NN, Altavista-Titerroy-San Francisco Javier, Arrecife",Lanzarote,Arrecife,173500,3,102,https://www.idealista.com/en/inmueble/89019539/,2020-10-01,sale
"Flat / Apartment in Montaña Roja, Yaiza",Lanzarote,Yaiza,98390,2,57,https://www.idealista.com/en/inmueble/89133317/,2020-10-01,sale
"Flat / Apartment in calle Halcón, San Bartolomé",Lanzarote,San Bartolomé,145000,2,66,https://www.idealista.com/en/inmueble/89108266/,2020-10-01,sale
"Flat / Apartment in Playa Blanca, Yaiza",Lanzarote,Yaiza,150000,2,65,https://www.idealista.com/en/inmueble/88820917/,2020-10-01,sale
"Flat / Apartment in Argana-Maneje, Arrecife",Lanzarote,Arrecife,197800,4,196,https://www.idealista.com/en/inmueble/88646646/,2020-10-01,sale
"Flat / Apartment in Costa de Papagayo, Yaiza",Lanzarote,Yaiza,159000,2,88,https://www.idealista.com/en/inmueble/88368615/,2020-10-01,sale
"Flat / Apartment in Puerto del Carmen, Tias",Lanzarote,Tias,158000,2,70,https://www.idealista.com/en/inmueble/91111076/,2020-10-01,sale
"Flat / Apartment in calle RIO DE ORO, Centro, Arrecife",Lanzarote,Arrecife,126000,3,89,https://www.idealista.com/en/inmueble/89762407/,2020-10-01,sale
"Flat / Apartment in VICENTE GUERRA, Altavista-Titerroy-San Francisco Javier, Arrecife",Lanzarote,Arrecife,145000,2,85,https://www.idealista.com/en/inmueble/86726458/,2020-10-01,sale
"Flat / Apartment in Huelva, Altavista-Titerroy-San Francisco Javier, Arrecife",Lanzarote,Arrecife,147000,3,83,https://www.idealista.com/en/inmueble/85396070/,2020-10-01,sale
"Duplex in calle José Pereyra Galviaty, Altavista-Titerroy-San Francisco Javier, Arrecife",Lanzarote,Arrecife,115000,4,166,https://www.idealista.com/en/inmueble/40233307/,2020-10-01,sale
"Flat / Apartment in Argana-Maneje, Arrecife",Lanzarote,Arrecife,108500,3,80,https://www.idealista.com/en/inmueble/90581003/,2020-10-01,sale
"Flat / Apartment in calle Trinidad, Centro, Arrecife",Lanzarote,Arrecife,110000,3,96,https://www.idealista.com/en/inmueble/90236010/,2020-10-01,sale
"Flat / Apartment in calle Trinidad, 24, Centro, Arrecife",Lanzarote,Arrecife,110000,3,95,https://www.idealista.com/en/inmueble/88104929/,2020-10-01,sale
"Flat / Apartment in avenida las Palmeras, Costa Teguise, Teguise",Lanzarote,Teguise,180000,2,67,https://www.idealista.com/en/inmueble/89970577/,2020-10-01,sale
"Flat / Apartment in calle Venecia, 5, Puerto del Carmen, Tias",Lanzarote,Tias,175000,2,73,https://www.idealista.com/en/inmueble/89807343/,2020-10-01,sale
"Flat / Apartment in calle Felipe II, Altavista-Titerroy-San Francisco Javier, Arrecife",Lanzarote,Arrecife,80000,2,65,https://www.idealista.com/en/inmueble/89632500/,2020-10-01,sale
"Flat / Apartment in calle Colombia, 1, Costa Teguise, Teguise",Lanzarote,Teguise,145000,2,70,https://www.idealista.com/en/inmueble/82711269/,2020-10-01,sale
"Duplex in calle Merlín, 19, San Bartolomé",Lanzarote,San Bartolomé,200000,3,115,https://www.idealista.com/en/inmueble/87401399/,2020-10-01,sale
"Flat / Apartment in Tías, Tias",Lanzarote,Tias,140000,2,64,https://www.idealista.com/en/inmueble/81713195/,2020-10-01,sale
"Flat / Apartment in calle Carlos Sáenz Infante, Centro, Arrecife",Lanzarote,Arrecife,88000,2,72,https://www.idealista.com/en/inmueble/89403248/,2020-10-01,sale
"Flat / Apartment in Altavista-Titerroy-San Francisco Javier, Arrecife",Lanzarote,Arrecife,128000,2,80,https://www.idealista.com/en/inmueble/87440019/,2020-10-01,sale
"Flat / Apartment in Centro, Arrecife",Lanzarote,Arrecife,150000,4,104,https://www.idealista.com/en/inmueble/87339541/,2020-10-01,sale
"Flat / Apartment in calle Quilla, NN, Famara-La Graciosa, Teguise",Lanzarote,Teguise,190000,2,80,https://www.idealista.com/en/inmueble/86388344/,2020-10-01,sale
"Flat / Apartment in avenida Faro Pechiguera, Montaña Roja, Yaiza",Lanzarote,Yaiza,148000,2,65,https://www.idealista.com/en/inmueble/90777350/,2020-10-01,sale
"Flat / Apartment in avenida Alcalde Antonio Cabrera Barrera, 8, San Bartolomé",Lanzarote,San Bartolomé,150000,2,76,https://www.idealista.com/en/inmueble/90920804/,2020-10-01,sale
"Flat / Apartment in La Inés, Valterra-La Vega-Las Salinas, Arrecife",Lanzarote,Arrecife,139000,3,124,https://www.idealista.com/en/inmueble/40531341/,2020-10-01,sale
"Flat / Apartment in Vicente Guerra, Altavista-Titerroy-San Francisco Javier, Arrecife",Lanzarote,Arrecife,101300,3,82,https://www.idealista.com/en/inmueble/90719638/,2020-10-01,sale
"Flat / Apartment in TRINIDAD, Centro, Arrecife",Lanzarote,Arrecife,110000,3,95,https://www.idealista.com/en/inmueble/90314679/,2020-10-01,sale
"Flat / Apartment in FELIPE II, Altavista-Titerroy-San Francisco Javier, Arrecife",Lanzarote,Arrecife,80000,2,60,https://www.idealista.com/en/inmueble/89056831/,2020-10-01,sale
"Flat / Apartment in AIRES DE LIMA, Argana-Maneje, Arrecife",Lanzarote,Arrecife,78000,2,57,https://www.idealista.com/en/inmueble/89047535/,2020-10-01,sale
"Flat / Apartment in Valterra-La Vega-Las Salinas, Arrecife",Lanzarote,Arrecife,149000,3,100,https://www.idealista.com/en/inmueble/87222357/,2020-10-01,sale
"Flat / Apartment in Princesa Ico, Puerto del Carmen, Tias",Lanzarote,Tias,177600,2,80,https://www.idealista.com/en/inmueble/86727408/,2020-10-01,sale
"Flat / Apartment in calle Orquidea, 27, Tías, Tias",Lanzarote,Tias,132000,2,77,https://www.idealista.com/en/inmueble/86032196/,2020-10-01,sale
"Flat / Apartment in calle Gabriel Celaya, Argana-Maneje, Arrecife",Lanzarote,Arrecife,90000,2,72,https://www.idealista.com/en/inmueble/87422802/,2020-10-01,sale
"Flat / Apartment in Valterra-La Vega-Las Salinas, Arrecife",Lanzarote,Arrecife,199000,4,154,https://www.idealista.com/en/inmueble/90826818/,2020-10-01,sale
"Flat / Apartment in Montaña Roja, Yaiza",Lanzarote,Yaiza,115000,2,62,https://www.idealista.com/en/inmueble/89818229/,2020-10-01,sale
"Duplex in Valterra-La Vega-Las Salinas, Arrecife",Lanzarote,Arrecife,135000,2,70,https://www.idealista.com/en/inmueble/87644979/,2020-10-01,sale
"Duplex in Montaña Roja, Yaiza",Lanzarote,Yaiza,149500,2,90,https://www.idealista.com/en/inmueble/88615751/,2020-10-01,sale
"Flat / Apartment in Argana-Maneje, Arrecife",Lanzarote,Arrecife,100000,3,70,https://www.idealista.com/en/inmueble/87859398/,2020-10-01,sale
"Flat / Apartment in Puerto del Carmen, Tias",Lanzarote,Tias,186500,2,56,https://www.idealista.com/en/inmueble/87644843/,2020-10-01,sale
"Duplex in Altavista-Titerroy-San Francisco Javier, Arrecife",Lanzarote,Arrecife,150000,2,96,https://www.idealista.com/en/inmueble/87202591/,2020-10-01,sale
Flat / Apartment in Tinajo,Lanzarote,Tinajo,89000,2,51,https://www.idealista.com/en/inmueble/88494490/,2020-10-01,sale
"Flat / Apartment in Valterra-La Vega-Las Salinas, Arrecife",Lanzarote,Arrecife,107700,2,52,https://www.idealista.com/en/inmueble/90941573/,2020-10-01,sale
"Flat / Apartment in calle México, 10, Centro, Arrecife",Lanzarote,Arrecife,82000,2,80,https://www.idealista.com/en/inmueble/90797517/,2020-10-01,sale
"Flat / Apartment in calle Escardillo, 3, Argana-Maneje, Arrecife",Lanzarote,Arrecife,79000,2,50,https://www.idealista.com/en/inmueble/90751691/,2020-10-01,sale
"Flat / Apartment in calle Gaire, Altavista-Titerroy-San Francisco Javier, Arrecife",Lanzarote,Arrecife,111700,2,82,https://www.idealista.com/en/inmueble/86225113/,2020-10-01,sale
"Flat / Apartment in calle India, 144, Montaña Roja, Yaiza",Lanzarote,Yaiza,115000,2,105,https://www.idealista.com/en/inmueble/90570797/,2020-10-01,sale
"Flat / Apartment in calle Chalana, 21, San Bartolomé",Lanzarote,San Bartolomé,175000,2,102,https://www.idealista.com/en/inmueble/90486260/,2020-10-01,sale
"Flat / Apartment in calle Alcorce, 14, Puerto del Carmen, Tias",Lanzarote,Tias,189000,2,51,https://www.idealista.com/en/inmueble/90226760/,2020-10-01,sale
"Flat / Apartment in calle Santa Bárbara, Haria",Lanzarote,Haria,126000,3,240,https://www.idealista.com/en/inmueble/90119283/,2020-10-01,sale
"Flat / Apartment in Luis Morote, 19, Centro, Arrecife",Lanzarote,Arrecife,132000,3,70,https://www.idealista.com/en/inmueble/89157451/,2020-10-01,sale
"Flat / Apartment in calle Góngora, 10, Valterra-La Vega-Las Salinas, Arrecife",Lanzarote,Arrecife,169000,5,170,https://www.idealista.com/en/inmueble/87715551/,2020-10-01,sale
"Flat / Apartment in calle Juana de Arco, 44, Altavista-Titerroy-San Francisco Javier, Arrecife",Lanzarote,Arrecife,95500,2,80,https://www.idealista.com/en/inmueble/88132235/,2020-10-01,sale
"Flat / Apartment in calle Caracas, 36, Argana-Maneje, Arrecife",Lanzarote,Arrecife,90000,2,55,https://www.idealista.com/en/inmueble/87253210/,2020-10-01,sale
"Duplex in calle Chimidas, 16, San Bartolomé",Lanzarote,San Bartolomé,135000,2,75,https://www.idealista.com/en/inmueble/86583092/,2020-10-01,sale
"Flat / Apartment in calle Venezuela, 2, Valterra-La Vega-Las Salinas, Arrecife",Lanzarote,Arrecife,150000,3,116,https://www.idealista.com/en/inmueble/85024841/,2020-10-01,sale
"Flat / Apartment in calle Guenia, 9, Valterra-La Vega-Las Salinas, Arrecife",Lanzarote,Arrecife,140000,4,80,https://www.idealista.com/en/inmueble/83675172/,2020-10-01,sale
"Flat / Apartment in calle Manolo Millares, 111, Valterra-La Vega-Las Salinas, Arrecife",Lanzarote,Arrecife,130000,4,150,https://www.idealista.com/en/inmueble/83525808/,2020-10-01,sale
"Flat / Apartment in calle Huelva, 9, Altavista-Titerroy-San Francisco Javier, Arrecife",Lanzarote,Arrecife,147000,3,83,https://www.idealista.com/en/inmueble/81931757/,2020-10-01,sale
"Flat / Apartment in calle Galicia, 1, Centro, Arrecife",Lanzarote,Arrecife,145000,2,80,https://www.idealista.com/en/inmueble/40047692/,2020-10-01,sale
"Flat / Apartment in calle Brujula, 9, San Bartolomé",Lanzarote,San Bartolomé,199999,2,140,https://www.idealista.com/en/inmueble/25271707/,2020-10-01,sale
"Flat / Apartment in Argana-Maneje, Arrecife",Lanzarote,Arrecife,106000,2,84,https://www.idealista.com/en/inmueble/90099806/,2020-10-01,sale
"Flat / Apartment in Montaña Roja, Yaiza",Lanzarote,Yaiza,109000,2,56,https://www.idealista.com/en/inmueble/89625881/,2020-10-01,sale
"Flat / Apartment in Valterra-La Vega-Las Salinas, Arrecife",Lanzarote,Arrecife,190000,2,95,https://www.idealista.com/en/inmueble/89403275/,2020-10-01,sale
"Flat / Apartment in Valterra-La Vega-Las Salinas, Arrecife",Lanzarote,Arrecife,115000,3,75,https://www.idealista.com/en/inmueble/89403277/,2020-10-01,sale
"Flat / Apartment in Centro, Arrecife",Lanzarote,Arrecife,100000,3,85,https://www.idealista.com/en/inmueble/89403278/,2020-10-01,sale
"Flat / Apartment in Valterra-La Vega-Las Salinas, Arrecife",Lanzarote,Arrecife,180000,5,156,https://www.idealista.com/en/inmueble/88974972/,2020-10-01,sale
"Duplex in Puerto Calero, Yaiza",Lanzarote,Yaiza,180000,2,95,https://www.idealista.com/en/inmueble/88390991/,2020-10-01,sale
"Flat / Apartment in Costa de Papagayo, Yaiza",Lanzarote,Yaiza,159000,2,65,https://www.idealista.com/en/inmueble/88237925/,2020-10-01,sale
"Flat / Apartment in Montaña Roja, Yaiza",Lanzarote,Yaiza,150000,2,70,https://www.idealista.com/en/inmueble/90868559/,2020-10-01,sale
"Flat / Apartment in Argana-Maneje, Arrecife",Lanzarote,Arrecife,145000,3,125,https://www.idealista.com/en/inmueble/90110871/,2020-10-01,sale
"Flat / Apartment in Argana-Maneje, Arrecife",Lanzarote,Arrecife,65000,2,66,https://www.idealista.com/en/inmueble/87224402/,2020-10-01,sale
"Flat / Apartment in Centro, Arrecife",Lanzarote,Arrecife,135000,3,93,https://www.idealista.com/en/inmueble/89768399/,2020-10-01,sale
"Flat / Apartment in Argana-Maneje, Arrecife",Lanzarote,Arrecife,80000,2,61,https://www.idealista.com/en/inmueble/89000952/,2020-10-01,sale
"Flat / Apartment in Altavista-Titerroy-San Francisco Javier, Arrecife",Lanzarote,Arrecife,120000,4,77,https://www.idealista.com/en/inmueble/88619272/,2020-10-01,sale
"Flat / Apartment in Argana-Maneje, Arrecife",Lanzarote,Arrecife,93000,3,88,https://www.idealista.com/en/inmueble/88616275/,2020-10-01,sale
"Flat / Apartment in Argana-Maneje, Arrecife",Lanzarote,Arrecife,66000,2,70,https://www.idealista.com/en/inmueble/81870783/,2020-10-01,sale
"Duplex in Costa Teguise, Teguise",Lanzarote,Teguise,187000,3,104,https://www.idealista.com/en/inmueble/90747291/,2020-10-01,sale
"Flat / Apartment in calle Tampico, 2, Valterra-La Vega-Las Salinas, Arrecife",Lanzarote,Arrecife,178000,3,104,https://www.idealista.com/en/inmueble/89726765/,2020-10-01,sale
"Flat / Apartment in calle Guadarfía, NN, San Bartolomé",Lanzarote,San Bartolomé,155000,3,92,https://www.idealista.com/en/inmueble/89198995/,2020-10-01,sale
Flat / Apartment in San Bartolomé,Lanzarote,San Bartolomé,175543,2,66,https://www.idealista.com/en/inmueble/84214821/,2020-10-01,sale
"Flat / Apartment in Centro, Arrecife",Lanzarote,Arrecife,110000,2,60,https://www.idealista.com/en/inmueble/81806622/,2020-10-01,sale
"Flat / Apartment in calle Coronel Ildefonso Valls de la Torre, 10, Centro, Arrecife",Lanzarote,Arrecife,82000,2,77,https://www.idealista.com/en/inmueble/90479957/,2020-10-01,sale
"Flat / Apartment in calle Góngora, 41, Valterra-La Vega-Las Salinas, Arrecife",Lanzarote,Arrecife,105000,2,55,https://www.idealista.com/en/inmueble/34913798/,2020-10-01,sale
"Flat / Apartment in calle Mosta, 20, Altavista-Titerroy-San Francisco Javier, Arrecife",Lanzarote,Arrecife,119500,3,78,https://www.idealista.com/en/inmueble/90090272/,2020-10-01,sale
"Flat / Apartment in calle Pérez Galdós, 31, Valterra-La Vega-Las Salinas, Arrecife",Lanzarote,Arrecife,133000,3,78,https://www.idealista.com/en/inmueble/89420722/,2020-10-01,sale
"Flat / Apartment in calle Maracaibo, 30, Argana-Maneje, Arrecife",Lanzarote,Arrecife,90000,2,60,https://www.idealista.com/en/inmueble/81167483/,2020-10-01,sale
"Flat / Apartment in avenida Alcalde Antonio Cabrera Barrera, 8, San Bartolomé",Lanzarote,San Bartolomé,155000,3,98,https://www.idealista.com/en/inmueble/82370587/,2020-10-01,sale
"Flat / Apartment in calle García Márquez, 12, Argana-Maneje, Arrecife",Lanzarote,Arrecife,120000,3,177,https://www.idealista.com/en/inmueble/87449911/,2020-10-01,sale
"Flat / Apartment in calle Calderón de la Barca, 61, Altavista-Titerroy-San Francisco Javier, Arrecife",Lanzarote,Arrecife,95000,2,60,https://www.idealista.com/en/inmueble/83608474/,2020-10-01,sale
"Flat / Apartment in calle el correíllo, 49, Playa Blanca, Yaiza",Lanzarote,Yaiza,200000,2,90,https://www.idealista.com/en/inmueble/33883397/,2020-10-01,sale
"Flat / Apartment in calle de vicente vilas gonzález, 26, Valterra-La Vega-Las Salinas, Arrecife",Lanzarote,Arrecife,116000,2,82,https://www.idealista.com/en/inmueble/31349466/,2020-10-01,sale
"Flat / Apartment in calle Doctor Barraquer, 3, Altavista-Titerroy-San Francisco Javier, Arrecife",Lanzarote,Arrecife,120000,3,100,https://www.idealista.com/en/inmueble/27873375/,2020-10-01,sale
"Duplex in calle Chimidas, 1, San Bartolomé",Lanzarote,San Bartolomé,173000,2,78,https://www.idealista.com/en/inmueble/88279115/,2020-10-01,sale
"Flat / Apartment in Argana-Maneje, Arrecife",Lanzarote,Arrecife,79000,2,52,https://www.idealista.com/en/inmueble/90701529/,2020-10-01,sale
"Flat / Apartment in Argana-Maneje, Arrecife",Lanzarote,Arrecife,75000,2,70,https://www.idealista.com/en/inmueble/84342977/,2020-10-01,sale
"Flat / Apartment in Valterra-La Vega-Las Salinas, Arrecife",Lanzarote,Arrecife,106000,2,80,https://www.idealista.com/en/inmueble/87306158/,2020-10-01,sale
"Flat / Apartment in Argana-Maneje, Arrecife",Lanzarote,Arrecife,75000,2,68,https://www.idealista.com/en/inmueble/87373674/,2020-10-01,sale
"Flat / Apartment in Costa Teguise, Teguise",Lanzarote,Teguise,159000,2,80,https://www.idealista.com/en/inmueble/87192754/,2020-10-01,sale
"Flat / Apartment in Puerto del Carmen, Tias",Lanzarote,Tias,179000,2,45,https://www.idealista.com/en/inmueble/85715018/,2020-10-01,sale
"Flat / Apartment in Tías, Tias",Lanzarote,Tias,150000,2,64,https://www.idealista.com/en/inmueble/39518611/,2020-10-01,sale
"Flat / Apartment in Altavista-Titerroy-San Francisco Javier, Arrecife",Lanzarote,Arrecife,135600,3,99,https://www.idealista.com/en/inmueble/90717716/,2020-10-01,sale
"Flat / Apartment in Altavista-Titerroy-San Francisco Javier, Arrecife",Lanzarote,Arrecife,103000,2,71,https://www.idealista.com/en/inmueble/89396554/,2020-10-01,sale
"Flat / Apartment in Costa Teguise, Teguise",Lanzarote,Teguise,169000,2,69,https://www.idealista.com/en/inmueble/87868685/,2020-10-01,sale
"Flat / Apartment in Argana-Maneje, Arrecife",Lanzarote,Arrecife,165500,3,87,https://www.idealista.com/en/inmueble/86987358/,2020-10-01,sale
"Duplex in Costa Teguise, Teguise",Lanzarote,Teguise,200000,3,104,https://www.idealista.com/en/inmueble/40073395/,2020-10-01,sale
"Flat / Apartment in Costa Teguise, Teguise",Lanzarote,Teguise,145000,2,92,https://www.idealista.com/en/inmueble/83050763/,2020-10-01,sale
"Flat / Apartment in calle Almería, 25, Altavista-Titerroy-San Francisco Javier, Arrecife",Lanzarote,Arrecife,89000,2,61,https://www.idealista.com/en/inmueble/91120220/,2020-10-01,sale
"Flat / Apartment in calle Caldera de Taburiente, 10, Valterra-La Vega-Las Salinas, Arrecife",Lanzarote,Arrecife,120000,3,85,https://www.idealista.com/en/inmueble/91067692/,2020-10-01,sale
"Flat / Apartment in Orquidea, 30, Tías, Tias",Lanzarote,Tias,105000,2,78,https://www.idealista.com/en/inmueble/91005644/,2020-10-01,sale
"Flat / Apartment in calle Zaranda, 1, Argana-Maneje, Arrecife",Lanzarote,Arrecife,110000,2,84,https://www.idealista.com/en/inmueble/91002980/,2020-10-01,sale
"Flat / Apartment in avenida de la Mancomunidad, 5, Centro, Arrecife",Lanzarote,Arrecife,190000,2,86,https://www.idealista.com/en/inmueble/90968524/,2020-10-01,sale
"Flat / Apartment in Centro, Arrecife",Lanzarote,Arrecife,87000,2,66,https://www.idealista.com/en/inmueble/89156823/,2020-10-01,sale
