area,address,number,price,date,property_type,geocode,full_address
Fionn Laoi,Woodview,20,330000,2018-07-12,New Build,"51.89295672639931, -8.577244778805012","20 Woodview, Fionn Laoi"
Maglin,Maglin View,9,386000,2018-07-11,Second-Hand,"51.88135112776452, -8.59523805920491","9 Maglin View, Maglin"
Classis Lake,The Abbey,28,220000,2018-07-10,Second-Hand,"51.88586099008718, -8.62822296864587","28 The Abbey, Classis Lake"
Old Quarter,Coopers Grange,129,395000,2018-07-06,Second-Hand,"51.89008441064981, -8.590014945710507","129 Coopers Grange, Old Quarter"
The Cloisters,The Cloisters,63,280000,2018-07-06,Second-Hand,"51.88453436126935, -8.578108099687265","63 The Cloisters, The Cloisters"
Coolroe,Coolroe Court,4,450775,2018-07-05,New Build,"51.885279789132504, -8.622716969745719","4 Coolroe Court, Coolroe"
The Maltings,Granary Court,21,200000,2018-07-04,Second-Hand,"51.88503727921537, -8.591352822622822","21 Granary Court, The Maltings"
Coolroe,The Lawn,2,277500,2018-11-08,Second-Hand,"51.885279789132504, -8.622716969745719","2 The Lawn, Coolroe"
Maglin,Clincool Gardens,21,320000,2018-11-07,Second-Hand,"51.88135112776452, -8.59523805920491","21 Clincool Gardens, Maglin"
An Caislean,An Caislean,167,247000,2018-11-06,Second-Hand,"51.88419579207018, -8.604721941977742","167 An Caislean, An Caislean"
Powdermills,Powdermill Meadow,5,397250,2018-11-06,New Build,"51.89225015549648, -8.586096438526356","5 Powdermill Meadow, Powdermills"
The Crescent,The Crescent,45,260000,2018-11-05,Second-Hand,"51.88974689003794, -8.592724974545812","45 The Crescent, The Crescent"
Classis Lake,The Brambles,40,311000,2019-06-21,Second-Hand,"51.88586099008718, -8.62822296864587","40 The Brambles, Classis Lake"
Parknamore,Parknamore Heights,43,323475,2019-06-21,New Build,"51.88458744794133, -8.609309161051812","43 Parknamore Heights, Parknamore"
Old Quarter,Coopers Grange,54,290000,2019-06-17,Second-Hand,"51.89008441064981, -8.590014945710507","54 Coopers Grange, Old Quarter"
Old Quarter,Coopers Grange,98,310000,2019-06-17,Second-Hand,"51.89008441064981, -8.590014945710507","98 Coopers Grange, Old Quarter"
Castle Road,Castle Lodge,1,320000,2019-06-17,Second-Hand,"51.88234227885883, -8.59817565735788","1 Castle Lodge, Castle Road"
Old Quarter,Coopers Grange,16,410000,2019-02-14,New Build,"51.89008441064981, -8.590014945710507","16 Coopers Grange, Old Quarter"
Muskerry Estate,Castle Avenue,60,150000,2019-02-05,Second-Hand,"51.885514844369936, -8.596310161258103","60 Castle Avenue, Muskerry Estate"
Town Center,Chapel Lane,1,180000,2019-02-04,Second-Hand,"51.8878563321983, -8.600737381727024","1 Chapel Lane, Town Center"
Old Quarter,Coopers Grange,15,409999,2019-02-04,New Build,"51.89008441064981, -8.590014945710507","15 Coopers Grange, Old Quarter"
Maglin,Glincool Grove,17,225000,2019-02-01,Second-Hand,"51.88135112776452, -8.59523805920491","17 Glincool Grove, Maglin"
The Crescent,The Crescent,37,256000,2019-01-29,Second-Hand,"51.88974689003794, -8.592724974545812","37 The Crescent, The Crescent"
The Crescent,The Crescent,17,275000,2019-01-28,Second-Hand,"51.88974689003794, -8.592724974545812","17 The Crescent, The Crescent"
Westcourt,Westcourt Heights,6,150000,2019-01-25,Second-Hand,"51.88681255417706, -8.616295628522487","6 Westcourt Heights, Westcourt"
Fionn Laoi,Woodview,10,340000,2019-01-21,New Build,"51.89295672639931, -8.577244778805012","10 Woodview, Fionn Laoi"
Greenfields,Fernwalk,70,580000,2019-09-27,Second-Hand,"51.87941701969475, -8.620193493581136","70 Fernwalk, Greenfields"
Castlepark,Castlepark,70,185000,2019-09-25,Second-Hand,"51.88653927567583, -8.585310716875346","70 Castlepark, Castlepark"
Old Quarter,Waltham Abbey,28,339200,2019-09-23,Second-Hand,"51.89008441064981, -8.590014945710507","28 Waltham Abbey, Old Quarter"
Greenfields,Fernwalk,45,169000,2019-09-23,Second-Hand,"51.87941701969475, -8.620193493581136","45 Fernwalk, Greenfields"
Old Quarter,Leslies Arch,148,315000,2019-09-23,Second-Hand,"51.89008441064981, -8.590014945710507","148 Leslies Arch, Old Quarter"
Greenfield,Oldcourt,72,355000,2019-09-20,Second-Hand,"51.88072634468435, -8.611355403381312","72 Oldcourt, Greenfield"
Rosewood,Rosewood,8,306000,2019-09-13,Second-Hand,"51.88865181082447, -8.575978970851866","8 Rosewood, Rosewood"
Carrigrohanebeg,The Willows,200,245000,2019-09-10,Second-Hand,"51.89309917070151, -8.580849757357647","200 The Willows, Carrigrohanebeg"
Fionn Laoi,Woodview,29,330000,2018-06-28,New Build,"51.89295672639931, -8.577244778805012","29 Woodview, Fionn Laoi"
Fionn Laoi,Woodview,26,330000,2018-06-26,New Build,"51.89295672639931, -8.577244778805012","26 Woodview, Fionn Laoi"
Muskerry Estate,Maple Lawn,79,335000,2018-06-12,Second-Hand,"51.885514844369936, -8.596310161258103","79 Maple Lawn, Muskerry Estate"
Old Quarter,Millers Court,109,460000,2018-06-11,New Build,"51.89008441064981, -8.590014945710507","109 Millers Court, Old Quarter"
Steeplewoods,Steeplewoods,1,896650,2018-06-05,New Build,"51.88978058994379, -8.565944853663783","1 Steeplewoods, Steeplewoods"
Old Quarter,Millers Court,110,620000,2018-06-01,New Build,"51.89008441064981, -8.590014945710507","110 Millers Court, Old Quarter"
Greenfield,Tuairin Glas,48,250000,2018-11-01,Second-Hand,"51.88072634468435, -8.611355403381312","48 Tuairin Glas, Greenfield"
Highfield,Highfield Park,31,230000,2018-10-31,Second-Hand,"51.88483134751023, -8.573114016875365","31 Highfield Park, Highfield"
Old Quarter,Millers Court,57,345000,2018-10-31,New Build,"51.89008441064981, -8.590014945710507","57 Millers Court, Old Quarter"
Powdermills,Powdermill Meadow,1,430000,2018-10-26,New Build,"51.89225015549648, -8.586096438526356","1 Powdermill Meadow, Powdermills"
Inniscarra View,Whitethorn Drive,19,290000,2018-10-25,Second-Hand,"51.88901621244116, -8.572065214668026","19 Whitethorn Drive, Inniscarra View"
Maglin,Glincool Crescent,2,376000,2018-10-22,Second-Hand,"51.88135112776452, -8.59523805920491","2 Glincool Crescent, Maglin"
Old Quarter,Leslies Arch,79,375000,2018-10-19,Second-Hand,"51.89008441064981, -8.590014945710507","79 Leslies Arch, Old Quarter"
Inniscarra View,Whitethorn Avenue,13,300000,2019-12-17,Second-Hand,"51.88901621244116, -8.572065214668026","13 Whitethorn Avenue, Inniscarra View"
Old Quarter,Leslies Arch,27,360000,2019-12-17,Second-Hand,"51.89008441064981, -8.590014945710507","27 Leslies Arch, Old Quarter"
Carrigrohanebeg,The Willows,191,251000,2019-12-16,Second-Hand,"51.89309917070151, -8.580849757357647","191 The Willows, Carrigrohanebeg"
Carrigrohanebeg,The Willows,204,220000,2019-12-16,Second-Hand,"51.89309917070151, -8.580849757357647","204 The Willows, Carrigrohanebeg"
Carrigrohanebeg,The Willows,1,228000,2019-12-16,Second-Hand,"51.89309917070151, -8.580849757357647","1 The Willows, Carrigrohanebeg"
Old Quarter,Coopers Grange,30,399999,2019-12-16,New Build,"51.89008441064981, -8.590014945710507","30 Coopers Grange, Old Quarter"
Limeworth,Limeworth,14,675000,2019-06-14,Second-Hand,"51.88244387440602, -8.582059330369558","14 Limeworth, Limeworth"
An Caislean,An Caislean,153,255000,2019-05-31,Second-Hand,"51.88419579207018, -8.604721941977742","153 An Caislean, An Caislean"
Classis Lake,Oak Avenue,1,251000,2019-05-28,Second-Hand,"51.88586099008718, -8.62822296864587","1 Oak Avenue, Classis Lake"
Greenfield,Oldcourt,1,300000,2019-05-21,Second-Hand,"51.88072634468435, -8.611355403381312","1 Oldcourt, Greenfield"
West Village,Hillside,1,170000,2019-05-13,Second-Hand,"51.88675485217772, -8.606397553304374","1 Hillside, West Village"
The Quadrants,North East Quadrant,174,172500,2019-05-10,Second-Hand,"51.8890702782036, -8.589706799326772","174 North East Quadrant, The Quadrants"
The Stables,The Stables,12,340000,2019-05-09,Second-Hand,"51.88380436406558, -8.622683203381243","12 The Stables, The Stables"
An Caislean,Caislean Grove,101,255000,2019-05-03,Second-Hand,"51.88419579207018, -8.604721941977742","101 Caislean Grove, An Caislean"
Old Quarter,Millers Court,55,345000,2019-05-03,New Build,"51.89008441064981, -8.590014945710507","55 Millers Court, Old Quarter"
Leo Murphy Terrace,Leo Murphy Terrace,5a,196000,2019-01-18,Second-Hand,"51.888591280385164, -8.583440501534145","5a Leo Murphy Terrace, Leo Murphy Terrace"
Maglin,Maglin View,8,336000,2019-01-16,Second-Hand,"51.88135112776452, -8.59523805920491","8 Maglin View, Maglin"
Old Quarter,Leslies Arch,35,350000,2019-01-16,Second-Hand,"51.89008441064981, -8.590014945710507","35 Leslies Arch, Old Quarter"
The Maltings,Distillery Court,37,230000,2019-01-15,Second-Hand,"51.88503727921537, -8.591352822622822","37 Distillery Court, The Maltings"
Classis Lake,Mossgrove,13,428500,2019-01-11,Second-Hand,"51.88586099008718, -8.62822296864587","13 Mossgrove, Classis Lake"
Aylsbury,Aylsbury Mews,3,380000,2020-04-09,Second-Hand,"51.88284449037205, -8.620440916875388","3 Aylsbury Mews, Aylsbury"
Classis Lake,The Lodge Classes Lake,13,220000,2020-04-08,Second-Hand,"51.88586099008718, -8.62822296864587","13 The Lodge Classes Lake, Classis Lake"
Wyndham Downs,The Grove,11,275000,2020-04-07,Second-Hand,"51.88594295587414, -8.620296147557605","11 The Grove, Wyndham Downs"
Westcourt,Westcourt Heights,46,317500,2020-04-06,Second-Hand,"51.88681255417706, -8.616295628522487","46 Westcourt Heights, Westcourt"
Greenfield,Oldcourt,16,430000,2019-09-05,Second-Hand,"51.88072634468435, -8.611355403381312","16 Oldcourt, Greenfield"
Old Quarter,Coopers Grange,22,397250,2019-09-03,New Build,"51.89008441064981, -8.590014945710507","22 Coopers Grange, Old Quarter"
Classis Lake,Lisheen Fields,18,390000,2019-08-29,Second-Hand,"51.88586099008718, -8.62822296864587","18 Lisheen Fields, Classis Lake"
An Caislean,An Caislean,182,262500,2019-08-28,Second-Hand,"51.88419579207018, -8.604721941977742","182 An Caislean, An Caislean"
The Crescent,The Crescent Heathfield,2,320000,2019-08-27,New Build,"51.88974689003794, -8.592724974545812","2 The Crescent Heathfield, The Crescent"
Hazel Grove,Hazel Grove,14,192500,2019-08-21,Second-Hand,"51.88270220033945, -8.594207045710691","14 Hazel Grove, Hazel Grove"
Highfield Park,The Avenue,12,310000,2020-10-15,Second-Hand,"51.88438631124541, -8.574891410855766","12 The Avenue, Highfield Park"
Beech Park,Cranford Pines,28,170000,2020-10-12,Second-Hand,"51.884462825784524, -8.586660730369518","28 Cranford Pines, Beech Park"
Beech Park,Cranford Pines,13,335000,2020-10-09,Second-Hand,"51.884462825784524, -8.586660730369518","13 Cranford Pines, Beech Park"
Coolroe,The Green,5,280000,2020-10-01,Second-Hand,"51.885279789132504, -8.622716969745719","5 The Green, Coolroe"
Beech Park,Beech Park,69,252500,2021-02-23,Second-Hand,"51.884462825784524, -8.586660730369518","69 Beech Park, Beech Park"
Town Center,Church View,43,112500,2021-02-16,Second-Hand,"51.8878563321983, -8.600737381727024","43 Church View, Town Center"
Old Quarter,Coopers Grange,73,347000,2021-02-15,Second-Hand,"51.89008441064981, -8.590014945710507","73 Coopers Grange, Old Quarter"
The Crescent,The Crescent,54,255000,2021-02-09,Second-Hand,"51.88974689003794, -8.592724974545812","54 The Crescent, The Crescent"
Westcourt,Westcourt Heights,37,285000,2021-02-05,Second-Hand,"51.88681255417706, -8.616295628522487","37 Westcourt Heights, Westcourt"
West Village,The Meadows,9,250000,2021-02-04,Second-Hand,"51.88675485217772, -8.606397553304374","9 The Meadows, West Village"
Coolroe,The Lawn,79,320000,2018-05-31,Second-Hand,"51.885279789132504, -8.622716969745719","79 The Lawn, Coolroe"
The Cloisters,The Cloisters,41,265000,2018-05-30,Second-Hand,"51.88453436126935, -8.578108099687265","41 The Cloisters, The Cloisters"
The Crescent,The Crescent,13,126571,2018-05-29,Second-Hand,"51.88974689003794, -8.592724974545812","13 The Crescent, The Crescent"
Wyndham Downs,The Grove Wyndham Downs,22,287000,2018-05-25,Second-Hand,"51.88594295587414, -8.620296147557605","22 The Grove Wyndham Downs, Wyndham Downs"
Highfield Park,The Square,26,251000,2018-05-25,Second-Hand,"51.88438631124541, -8.574891410855766","26 The Square, Highfield Park"
An Caislean,Tara An Caislan,14,220000,2018-05-24,Second-Hand,"51.88419579207018, -8.604721941977742","14 Tara An Caislan, An Caislean"
Old Quarter,Millers Court,10,250000,2018-05-22,Second-Hand,"51.89008441064981, -8.590014945710507","10 Millers Court, Old Quarter"
Carrigrohanebeg,The Willows,201,223000,2018-05-17,Second-Hand,"51.89309917070151, -8.580849757357647","201 The Willows, Carrigrohanebeg"
Old Quarter,Millers Court,24,463000,2021-07-13,Second-Hand,"51.89008441064981, -8.590014945710507","24 Millers Court, Old Quarter"
The Cloisters,The Cloisters,63,330000,2021-07-08,Second-Hand,"51.88453436126935, -8.578108099687265","63 The Cloisters, The Cloisters"
Old Quarter,Leslies Arch,13,425000,2021-07-06,Second-Hand,"51.89008441064981, -8.590014945710507","13 Leslies Arch, Old Quarter"
Tudor Grove,Tudor Grove,8,245000,2021-07-05,Second-Hand,"51.88555121291465, -8.591538215028342","8 Tudor Grove, Tudor Grove"
Town Center,Church View,57,321000,2021-07-02,Second-Hand,"51.8878563321983, -8.600737381727024","57 Church View, Town Center"
Leecourt,Leecourt,132,231000,2021-07-01,Second-Hand,"51.8915162277775, -8.581342570851831","132 Leecourt, Leecourt"
Coolroe,The Avenue,11,425000,2018-10-17,New Build,"51.885279789132504, -8.622716969745719","11 The Avenue, Coolroe"
Powdermills,Powdermill Meadows,2,337500,2018-10-17,New Build,"51.89225015549648, -8.586096438526356","2 Powdermill Meadows, Powdermills"
Powdermills,Powdermill Meadow,3,337500,2018-10-17,New Build,"51.89225015549648, -8.586096438526356","3 Powdermill Meadow, Powdermills"
Old Quarter,Millers Court,56,345000,2018-10-16,New Build,"51.89008441064981, -8.590014945710507","56 Millers Court, Old Quarter"
Old Quarter,Millers Court,58,345000,2018-10-16,New Build,"51.89008441064981, -8.590014945710507","58 Millers Court, Old Quarter"
Old Quarter,Millers Court,9,325000,2019-12-09,Second-Hand,"51.89008441064981, -8.590014945710507","9 Millers Court, Old Quarter"
Muskerry Estate,Castle Avenue,11,255000,2019-12-05,Second-Hand,"51.885514844369936, -8.596310161258103","11 Castle Avenue, Muskerry Estate"
Old Quarter,Coopers Grange,37,400000,2019-12-05,New Build,"51.89008441064981, -8.590014945710507","37 Coopers Grange, Old Quarter"
Old Quarter,Coopers Grange,2,475000,2019-12-04,New Build,"51.89008441064981, -8.590014945710507","2 Coopers Grange, Old Quarter"
Classis Lake,The Heathers,24,277500,2019-12-04,Second-Hand,"51.88586099008718, -8.62822296864587","24 The Heathers, Classis Lake"
Westgrove,Westgrove,17,363000,2019-11-29,Second-Hand,"51.88676931020199, -8.6146432996872","17 Westgrove, Westgrove"
Beech Park,Beech Park,98,232000,2019-05-03,Second-Hand,"51.884462825784524, -8.586660730369518","98 Beech Park, Beech Park"
An Caislean,An Caislean,70,250000,2019-04-30,Second-Hand,"51.88419579207018, -8.604721941977742","70 An Caislean, An Caislean"
Coolroe,The Avenue,12,430000,2019-04-30,New Build,"51.885279789132504, -8.622716969745719","12 The Avenue, Coolroe"
Old Quarter,Coopers Grange,23,350000,2019-04-29,New Build,"51.89008441064981, -8.590014945710507","23 Coopers Grange, Old Quarter"
Beech Park,Cranford Pines,10,300000,2019-04-17,Second-Hand,"51.884462825784524, -8.586660730369518","10 Cranford Pines, Beech Park"
Old Quarter,Coopers Grange,24,349999,2019-04-17,New Build,"51.89008441064981, -8.590014945710507","24 Coopers Grange, Old Quarter"
Old Quarter,Coopers Grange,26,350000,2019-01-09,New Build,"51.89008441064981, -8.590014945710507","26 Coopers Grange, Old Quarter"
Old Quarter,Leslies Arch,131,340000,2019-01-07,Second-Hand,"51.89008441064981, -8.590014945710507","131 Leslies Arch, Old Quarter"
Old Quarter,Coopers Grange,25,350000,2019-01-04,New Build,"51.89008441064981, -8.590014945710507","25 Coopers Grange, Old Quarter"
Coolroe,Old Quarry,18,226000,2018-12-21,Second-Hand,"51.885279789132504, -8.622716969745719","18 Old Quarry, Coolroe"
Classis Lake,The Abbey,29,205000,2018-12-21,Second-Hand,"51.88586099008718, -8.62822296864587","29 The Abbey, Classis Lake"
Old Quarter,Leslies Arch,33,412800,2018-12-21,New Build,"51.89008441064981, -8.590014945710507","33 Leslies Arch, Old Quarter"
Highfield Park,The Square,30,250000,2018-12-21,Second-Hand,"51.88438631124541, -8.574891410855766","30 The Square, Highfield Park"
The Cloisters,The Cloisters,66,280000,2020-04-06,Second-Hand,"51.88453436126935, -8.578108099687265","66 The Cloisters, The Cloisters"
Town Center,Carrigdene,8,290000,2020-04-02,Second-Hand,"51.8878563321983, -8.600737381727024","8 Carrigdene, Town Center"
Muskerry Estate,Pine Walk,130,270000,2020-03-31,Second-Hand,"51.885514844369936, -8.596310161258103","130 Pine Walk, Muskerry Estate"
Maglin,Maglin Green,3,479999,2020-03-30,New Build,"51.88135112776452, -8.59523805920491","3 Maglin Green, Maglin"
Rosewood,Rosewood,166,250000,2020-03-26,Second-Hand,"51.88865181082447, -8.575978970851866","166 Rosewood, Rosewood"
Carrigrohanebeg,The Willows,208,256000,2019-08-16,Second-Hand,"51.89309917070151, -8.580849757357647","208 The Willows, Carrigrohanebeg"
The Cloisters,The Cloisters,102,287000,2019-08-14,Second-Hand,"51.88453436126935, -8.578108099687265","102 The Cloisters, The Cloisters"
Aylsbury,Aylsbury Lawn,4,360000,2019-08-12,Second-Hand,"51.88284449037205, -8.620440916875388","4 Aylsbury Lawn, Aylsbury"
Greenfield,Oldcourt,94,370000,2019-08-12,Second-Hand,"51.88072634468435, -8.611355403381312","94 Oldcourt, Greenfield"
Station Cross,Station Cross,,300000,2019-08-12,Second-Hand,"51.88366424957323, -8.588997728522568"," Station Cross, Station Cross"
An Caislean,An Caislean View,147,286000,2020-10-01,Second-Hand,"51.88419579207018, -8.604721941977742","147 An Caislean View, An Caislean"
The Maltings,Granary Court The Maltings,28,210000,2020-09-28,Second-Hand,"51.88503727921537, -8.591352822622822","28 Granary Court The Maltings, The Maltings"
Town Center,Church View,21,280000,2020-09-24,Second-Hand,"51.8878563321983, -8.600737381727024","21 Church View, Town Center"
Innishmore,Innishmore Lawn,5,175000,2020-09-18,Second-Hand,"51.88897474404985, -8.608958999892096","5 Innishmore Lawn, Innishmore"
Daffodil Fields,Daffodil Fields,29,430000,2020-09-10,Second-Hand,"51.89114262893351, -8.573402430369397","29 Daffodil Fields, Daffodil Fields"
Old Quarter,Leslies Arch,114,280000,2021-02-04,Second-Hand,"51.89008441064981, -8.590014945710507","114 Leslies Arch, Old Quarter"
Town Center,Time Square,4,180000,2021-02-04,Second-Hand,"51.8878563321983, -8.600737381727024","4 Time Square, Town Center"
An Caislean,An Caislean Way,118,270000,2021-01-28,Second-Hand,"51.88419579207018, -8.604721941977742","118 An Caislean Way, An Caislean"
Maglin,Glincool Gardens,12,305000,2021-01-26,Second-Hand,"51.88135112776452, -8.59523805920491","12 Glincool Gardens, Maglin"
Old Quarter,Waltham Abbey,28,344900,2021-01-21,Second-Hand,"51.89008441064981, -8.590014945710507","28 Waltham Abbey, Old Quarter"
Rosewood,Rosewood Estate,202,306000,2021-01-20,Second-Hand,"51.88865181082447, -8.575978970851866","202 Rosewood Estate, Rosewood"
Old Quarter,Millers Court,66,385000,2018-05-16,New Build,"51.89008441064981, -8.590014945710507","66 Millers Court, Old Quarter"
Old Quarter,Millers Court,15,258000,2018-05-14,Second-Hand,"51.89008441064981, -8.590014945710507","15 Millers Court, Old Quarter"
Parknamore,Parknamore,11,280000,2018-04-30,Second-Hand,"51.88458744794133, -8.609309161051812","11 Parknamore, Parknamore"
Powdermills,Mill Range,15,230000,2018-04-26,Second-Hand,"51.89225015549648, -8.586096438526356","15 Mill Range, Powdermills"
Maglin,Glincool Crescent,15,295000,2018-04-23,Second-Hand,"51.88135112776452, -8.59523805920491","15 Glincool Crescent, Maglin"
An Caislean,Newgrange,8,222000,2021-06-25,Second-Hand,"51.88419579207018, -8.604721941977742","8 Newgrange, An Caislean"
Classis Lake,The Brambles,7,400000,2021-06-16,Second-Hand,"51.88586099008718, -8.62822296864587","7 The Brambles, Classis Lake"
Coolroe,Willowgrove,48,340000,2021-06-11,Second-Hand,"51.885279789132504, -8.622716969745719","48 Willowgrove, Coolroe"
Greenfields,Woodberry,11,755000,2021-06-04,Second-Hand,"51.87941701969475, -8.620193493581136","11 Woodberry, Greenfields"
Old Quarter,Coopers Grange,69,340000,2021-06-03,Second-Hand,"51.89008441064981, -8.590014945710507","69 Coopers Grange, Old Quarter"
Classis Lake,The Cedars,29,357000,2018-10-15,Second-Hand,"51.88586099008718, -8.62822296864587","29 The Cedars, Classis Lake"
Carrigrohane,Bridgewater,16,435000,2018-10-11,Second-Hand,"51.89118108080445, -8.570433423222292","16 Bridgewater, Carrigrohane"
Old Quarter,Millers Court,108,460000,2018-09-27,New Build,"51.89008441064981, -8.590014945710507","108 Millers Court, Old Quarter"
Maglin,Glencool Villas,11,304000,2018-09-27,Second-Hand,"51.88135112776452, -8.59523805920491","11 Glencool Villas, Maglin"
Coolroe,The Green,61,111500,2018-09-26,Second-Hand,"51.885279789132504, -8.622716969745719","61 The Green, Coolroe"
Old Quarter,Coopers Grange Old Quarter,58,267000,2018-09-25,Second-Hand,"51.89008441064981, -8.590014945710507","58 Coopers Grange Old Quarter, Old Quarter"
Beech Park,Beech Park,67,340000,2018-09-18,Second-Hand,"51.884462825784524, -8.586660730369518","67 Beech Park, Beech Park"
Old Quarter,Coopers Grange,3,474999,2019-11-25,New Build,"51.89008441064981, -8.590014945710507","3 Coopers Grange, Old Quarter"
Castlepark,Castlepark,6,199000,2019-11-20,Second-Hand,"51.88653927567583, -8.585310716875346","6 Castlepark, Castlepark"
Rosewood,Rosewood Estate,84,350000,2019-11-18,Second-Hand,"51.88865181082447, -8.575978970851866","84 Rosewood Estate, Rosewood"
The Cloisters,The Cloisters,88,282000,2019-11-14,Second-Hand,"51.88453436126935, -8.578108099687265","88 The Cloisters, The Cloisters"
Manor Hill,Manor Hill,3,268000,2019-11-13,Second-Hand,"51.89121035709487, -8.575907457357648","3 Manor Hill, Manor Hill"
An Caislean,Newgrange,16,215000,2019-11-13,Second-Hand,"51.88419579207018, -8.604721941977742","16 Newgrange, An Caislean"
The Crescent,The Crescent,71,270000,2019-04-12,Second-Hand,"51.88974689003794, -8.592724974545812","71 The Crescent, The Crescent"
Muskerry Estate,Island Way,19,240000,2019-04-05,Second-Hand,"51.885514844369936, -8.596310161258103","19 Island Way, Muskerry Estate"
Old Quarter,Coopers Grange,27,397250,2019-04-03,New Build,"51.89008441064981, -8.590014945710507","27 Coopers Grange, Old Quarter"
Westcourt,Westcourt Heights,14,245000,2019-03-29,Second-Hand,"51.88681255417706, -8.616295628522487","14 Westcourt Heights, Westcourt"
Old Quarter,Coopers Grange,33,329999,2019-03-29,New Build,"51.89008441064981, -8.590014945710507","33 Coopers Grange, Old Quarter"
An Caislean,An Caislean,186,270000,2018-12-19,Second-Hand,"51.88419579207018, -8.604721941977742","186 An Caislean, An Caislean"
Willow Grove,Willow Grove,26,420000,2018-12-19,Second-Hand,"51.882509982430086, -8.612375401534269","26 Willow Grove, Willow Grove"
Old Quarter,Coopers Grange,72,262000,2018-12-19,Second-Hand,"51.89008441064981, -8.590014945710507","72 Coopers Grange, Old Quarter"
Fionn Laoi,Woodview,11,340000,2018-12-18,New Build,"51.89295672639931, -8.577244778805012","11 Woodview, Fionn Laoi"
Old Quarter,Coopers Grange,28,355000,2018-12-18,New Build,"51.89008441064981, -8.590014945710507","28 Coopers Grange, Old Quarter"
Coolroe,The Lawn,71,330000,2020-03-20,Second-Hand,"51.885279789132504, -8.622716969745719","71 The Lawn, Coolroe"
Coolroe,Coolroe,,225000,2020-03-20,Second-Hand,"51.885279789132504, -8.622716969745719"," Coolroe, Coolroe"
Aylsbury,Aylsbury,21,320000,2020-03-19,Second-Hand,"51.88284449037205, -8.620440916875388","21 Aylsbury, Aylsbury"
Maglin,Glincool Grove,11,303000,2020-03-18,Second-Hand,"51.88135112776452, -8.59523805920491","11 Glincool Grove, Maglin"
Carriganarra,Carriganarra,7,316000,2020-03-12,Second-Hand,"51.88456579585057, -8.579854607281877","7 Carriganarra, Carriganarra"
Maglin,Maglin Green,2,480000,2020-03-11,New Build,"51.88135112776452, -8.59523805920491","2 Maglin Green, Maglin"
Shalimar Court,Shalimar Court,9,220000,2020-03-10,Second-Hand,"51.88896130535807, -8.578969730369383","9 Shalimar Court, Shalimar Court"
Westcourt,Westcourt,45,308000,2020-03-06,Second-Hand,"51.88681255417706, -8.616295628522487","45 Westcourt, Westcourt"
Old Quarter,Millers Court,30,397619,2020-03-03,New Build,"51.89008441064981, -8.590014945710507","30 Millers Court, Old Quarter"
Beech Park,Beech Park,142,250000,2020-02-28,Second-Hand,"51.884462825784524, -8.586660730369518","142 Beech Park, Beech Park"
Coolroe,Willowgrove,2,400000,2019-08-09,Second-Hand,"51.885279789132504, -8.622716969745719","2 Willowgrove, Coolroe"
Old Quarter,Leslies Arch,78,370000,2019-08-08,Second-Hand,"51.89008441064981, -8.590014945710507","78 Leslies Arch, Old Quarter"
Manor Hill,Manor Hill,48,355000,2019-08-06,Second-Hand,"51.89121035709487, -8.575907457357648","48 Manor Hill, Manor Hill"
An Caislean,Tara,17,218000,2019-08-06,Second-Hand,"51.88419579207018, -8.604721941977742","17 Tara, An Caislean"
Greenfield,Oldcourt,99,349000,2019-08-06,Second-Hand,"51.88072634468435, -8.611355403381312","99 Oldcourt, Greenfield"
Highfield Park,The Avenue,3,281000,2019-08-04,Second-Hand,"51.88438631124541, -8.574891410855766","3 The Avenue, Highfield Park"
Classis Lake,Fern Way,59,221000,2019-08-02,Second-Hand,"51.88586099008718, -8.62822296864587","59 Fern Way, Classis Lake"
Greenfields,Woodberry,46,560000,2019-08-01,Second-Hand,"51.87941701969475, -8.620193493581136","46 Woodberry, Greenfields"
Old Quarter,Leslies Arch,112,335000,2019-07-31,Second-Hand,"51.89008441064981, -8.590014945710507","112 Leslies Arch, Old Quarter"
Coolroe,The Close,17,325000,2019-07-26,Second-Hand,"51.885279789132504, -8.622716969745719","17 The Close, Coolroe"
Carrigrohanebeg,Cedardale,105,245000,2020-09-04,Second-Hand,"51.89309917070151, -8.580849757357647","105 Cedardale, Carrigrohanebeg"
Rosewood,Rosewood Estate,44,224000,2020-09-04,Second-Hand,"51.88865181082447, -8.575978970851866","44 Rosewood Estate, Rosewood"
Aylsbury,Aylsbury,41,295000,2020-09-03,Second-Hand,"51.88284449037205, -8.620440916875388","41 Aylsbury, Aylsbury"
Beech Park,Beech Park,48,223000,2020-09-01,Second-Hand,"51.884462825784524, -8.586660730369518","48 Beech Park, Beech Park"
The Maltings,Barley Court,12,190000,2020-08-20,Second-Hand,"51.88503727921537, -8.591352822622822","12 Barley Court, The Maltings"
Old Quarter,Leslies Arch,64,256796,2021-01-20,Second-Hand,"51.89008441064981, -8.590014945710507","64 Leslies Arch, Old Quarter"
Maglin,Maglin Green,11,299981,2021-01-18,New Build,"51.88135112776452, -8.59523805920491","11 Maglin Green, Maglin"
The Maltings,Distillery Court,48,220000,2021-01-18,Second-Hand,"51.88503727921537, -8.591352822622822","48 Distillery Court, The Maltings"
Coolroe,Seiceamair,1,425000,2021-01-07,Second-Hand,"51.885279789132504, -8.622716969745719","1 Seiceamair, Coolroe"
Maglin,Maglin Green,10,393000,2021-01-05,New Build,"51.88135112776452, -8.59523805920491","10 Maglin Green, Maglin"
Church View,Churchview,2,270000,2020-12-21,Second-Hand,"51.88549636879165, -8.592625889887055","2 Churchview, Church View"
Beech Park,Cranford Pines,20,290000,2020-12-21,Second-Hand,"51.884462825784524, -8.586660730369518","20 Cranford Pines, Beech Park"
An Caislean,An Caislean,112,266000,2018-04-20,Second-Hand,"51.88419579207018, -8.604721941977742","112 An Caislean, An Caislean"
Daffodil Fields,Daffodil Fields,45,355000,2018-04-20,Second-Hand,"51.89114262893351, -8.573402430369397","45 Daffodil Fields, Daffodil Fields"
Town Center,Tus Abhaile,3,203500,2018-04-19,Second-Hand,"51.8878563321983, -8.600737381727024","3 Tus Abhaile, Town Center"
Old Quarter,Millers Court,67,385000,2018-04-19,New Build,"51.89008441064981, -8.590014945710507","67 Millers Court, Old Quarter"
Classis Lake,Oak Avenue,10,245000,2018-04-18,Second-Hand,"51.88586099008718, -8.62822296864587","10 Oak Avenue, Classis Lake"
Old Quarter,Millers Court,70,385000,2018-04-18,New Build,"51.89008441064981, -8.590014945710507","70 Millers Court, Old Quarter"
Old Quarter,Leslies Arch,2,467620,2018-04-11,New Build,"51.89008441064981, -8.590014945710507","2 Leslies Arch, Old Quarter"
Old Quarter,Coopers Grange,82,339000,2018-04-06,Second-Hand,"51.89008441064981, -8.590014945710507","82 Coopers Grange, Old Quarter"
Coolroe,Coolroe Heights,33,252000,2018-04-05,Second-Hand,"51.885279789132504, -8.622716969745719","33 Coolroe Heights, Coolroe"
Old Quarter,Millers Court,106,640000,2021-05-31,Second-Hand,"51.89008441064981, -8.590014945710507","106 Millers Court, Old Quarter"
Castleknock,Castleknock,16,330000,2021-05-28,Second-Hand,"51.88198791175574, -8.595112470852024","16 Castleknock, Castleknock"
An Caislean,Kells,10,212000,2021-05-28,Second-Hand,"51.88419579207018, -8.604721941977742","10 Kells, An Caislean"
An Caislean,Newgrange,21,267000,2021-05-26,Second-Hand,"51.88419579207018, -8.604721941977742","21 Newgrange, An Caislean"
Heathfield,The Avenue Heathfield,52,385000,2021-05-26,New Build,"51.88275370396547, -8.57522707085204","52 The Avenue Heathfield, Heathfield"
Maglin,Maglin Green,14,650000,2021-05-26,New Build,"51.88135112776452, -8.59523805920491","14 Maglin Green, Maglin"
Old Quarter,Millers Court,107,465000,2018-09-18,New Build,"51.89008441064981, -8.590014945710507","107 Millers Court, Old Quarter"
Inniscarra View,Hawthorn Avenue,13,257000,2018-09-18,Second-Hand,"51.88901621244116, -8.572065214668026","13 Hawthorn Avenue, Inniscarra View"
Leecourt,Leecourt,93,252000,2018-09-06,Second-Hand,"51.8915162277775, -8.581342570851831","93 Leecourt, Leecourt"
Old Quarter,Leslies Arch,107,300000,2018-09-03,Second-Hand,"51.89008441064981, -8.590014945710507","107 Leslies Arch, Old Quarter"
Maglin,Glincoole Gardens,20,280000,2018-09-03,Second-Hand,"51.88135112776452, -8.59523805920491","20 Glincoole Gardens, Maglin"
Coolroe,Coolroe Court,7,422500,2018-08-31,New Build,"51.885279789132504, -8.622716969745719","7 Coolroe Court, Coolroe"
Inniscarra View,Whitetholn Avenue,24,310000,2018-08-27,Second-Hand,"51.88901621244116, -8.572065214668026","24 Whitetholn Avenue, Inniscarra View"
Coolroe,The Green,92,330000,2019-11-11,Second-Hand,"51.885279789132504, -8.622716969745719","92 The Green, Coolroe"
Old Quarter,Coopers Grange,71,265000,2019-11-11,Second-Hand,"51.89008441064981, -8.590014945710507","71 Coopers Grange, Old Quarter"
An Caislean,Caislean Drive,68,267500,2019-11-08,Second-Hand,"51.88419579207018, -8.604721941977742","68 Caislean Drive, An Caislean"
Coolroe,The Close,31,360000,2019-11-07,Second-Hand,"51.885279789132504, -8.622716969745719","31 The Close, Coolroe"
Powdermills,Longrange,22,245000,2019-11-06,Second-Hand,"51.89225015549648, -8.586096438526356","22 Longrange, Powdermills"
Greenfields,Old Court,5,425000,2019-11-04,Second-Hand,"51.87941701969475, -8.620193493581136","5 Old Court, Greenfields"
The Maltings,Barley Grove,26,242500,2019-11-04,Second-Hand,"51.88503727921537, -8.591352822622822","26 Barley Grove, The Maltings"
Station Road,Tudor Grove,4,250000,2019-11-04,Second-Hand,"51.885856656204545, -8.590996730369481","4 Tudor Grove, Station Road"
Greenfield,Greenfield Road,,555000,2019-11-01,Second-Hand,"51.88072634468435, -8.611355403381312"," Greenfield Road, Greenfield"
Greenfields,Woodberry,3,690000,2019-03-28,Second-Hand,"51.87941701969475, -8.620193493581136","3 Woodberry, Greenfields"
Coolroe,Coolroe Heights,14,315000,2019-03-28,Second-Hand,"51.885279789132504, -8.622716969745719","14 Coolroe Heights, Coolroe"
Station Road,Tudor Grove,10,260000,2019-03-27,Second-Hand,"51.885856656204545, -8.590996730369481","10 Tudor Grove, Station Road"
The Cloisters,A Brompton House,,101579,2019-03-20,Second-Hand,"51.88453436126935, -8.578108099687265"," A Brompton House, The Cloisters"
Town Center,Block 3 Tus Abhaile,4,208000,2019-03-18,Second-Hand,"51.8878563321983, -8.600737381727024","4 Block 3 Tus Abhaile, Town Center"
Coolroe,Willow Grove,55,310000,2018-12-18,Second-Hand,"51.885279789132504, -8.622716969745719","55 Willow Grove, Coolroe"
Westcourt,Westcourt Heights,41,292500,2018-12-18,Second-Hand,"51.88681255417706, -8.616295628522487","41 Westcourt Heights, Westcourt"
Coolroe,Willow Grove,4,310000,2018-12-17,Second-Hand,"51.885279789132504, -8.622716969745719","4 Willow Grove, Coolroe"
An Caislean,An Caislean Way,135,320000,2018-12-14,Second-Hand,"51.88419579207018, -8.604721941977742","135 An Caislean Way, An Caislean"
Old Quarter,Coopers Grange,14,409999,2018-12-14,New Build,"51.89008441064981, -8.590014945710507","14 Coopers Grange, Old Quarter"
Old Quarter,Coopers Grange,34,400000,2020-02-27,New Build,"51.89008441064981, -8.590014945710507","34 Coopers Grange, Old Quarter"
The Maltings,Distillery Court,30,206000,2020-02-25,Second-Hand,"51.88503727921537, -8.591352822622822","30 Distillery Court, The Maltings"
Greenfields,Woodberry,38,485000,2020-02-24,Second-Hand,"51.87941701969475, -8.620193493581136","38 Woodberry, Greenfields"
The Maltings,Distillery Court,45,220000,2020-02-24,Second-Hand,"51.88503727921537, -8.591352822622822","45 Distillery Court, The Maltings"
The Crescent,The Crescent,6,270000,2020-02-24,Second-Hand,"51.88974689003794, -8.592724974545812","6 The Crescent, The Crescent"
Old Quarter,Millers Court,13,275000,2020-02-24,Second-Hand,"51.89008441064981, -8.590014945710507","13 Millers Court, Old Quarter"
Old Quarter,Coopers Grange,6,456525,2020-02-21,New Build,"51.89008441064981, -8.590014945710507","6 Coopers Grange, Old Quarter"
Old Quarter,Cooper's Grange,20,350000,2019-07-26,New Build,"51.89008441064981, -8.590014945710507","20 Cooper's Grange, Old Quarter"
Old Quarter,Coopers Grange,36,400000,2019-07-25,New Build,"51.89008441064981, -8.590014945710507","36 Coopers Grange, Old Quarter"
Old Quarter,Coppers Grange,19,350000,2019-07-23,New Build,"51.89008441064981, -8.590014945710507","19 Coppers Grange, Old Quarter"
Parknamore,Parknamore,15,285000,2019-07-22,Second-Hand,"51.88458744794133, -8.609309161051812","15 Parknamore, Parknamore"
Old Quarter,Coopers Grange,18,350001,2019-07-19,New Build,"51.89008441064981, -8.590014945710507","18 Coopers Grange, Old Quarter"
Carrigrohane,Laurel Wood House,1,760000,2019-07-19,Second-Hand,"51.89118108080445, -8.570433423222292","1 Laurel Wood House, Carrigrohane"
Glendower Court,Glendower Court,11,300000,2020-08-19,Second-Hand,"51.89097713659068, -8.579260601534097","11 Glendower Court, Glendower Court"
Old Quarter,Millers Court,70,420000,2020-08-13,Second-Hand,"51.89008441064981, -8.590014945710507","70 Millers Court, Old Quarter"
An Caislean,Newgrange,1,213000,2020-08-11,Second-Hand,"51.88419579207018, -8.604721941977742","1 Newgrange, An Caislean"
Shalimar Court,Shalimar Court,5,250000,2020-07-31,Second-Hand,"51.88896130535807, -8.578969730369383","5 Shalimar Court, Shalimar Court"
Coolroe,The Green,13,394000,2020-12-18,Second-Hand,"51.885279789132504, -8.622716969745719","13 The Green, Coolroe"
Highfield,Highfield Park,12,310000,2020-12-18,Second-Hand,"51.88483134751023, -8.573114016875365","12 Highfield Park, Highfield"
Heathfield,The Avenue,35,379999,2020-12-15,New Build,"51.88275370396547, -8.57522707085204","35 The Avenue, Heathfield"
Old Quarter,Coopers Grange,108,520000,2020-12-14,Second-Hand,"51.89008441064981, -8.590014945710507","108 Coopers Grange, Old Quarter"
Rosewood,Rosewood Estate,114,280000,2020-12-14,Second-Hand,"51.88865181082447, -8.575978970851866","114 Rosewood Estate, Rosewood"
The Maltings,Distillery Court,27,210000,2018-04-04,Second-Hand,"51.88503727921537, -8.591352822622822","27 Distillery Court, The Maltings"
Old Quarter,Millers Court,68,335000,2018-04-04,New Build,"51.89008441064981, -8.590014945710507","68 Millers Court, Old Quarter"
Old Quarter,Millers Court,69,380225,2018-04-03,New Build,"51.89008441064981, -8.590014945710507","69 Millers Court, Old Quarter"
Old Quarter,Coopers Grange,108,465000,2018-03-29,Second-Hand,"51.89008441064981, -8.590014945710507","108 Coopers Grange, Old Quarter"
Maglin,Glincool Crescent,9,310000,2018-03-28,Second-Hand,"51.88135112776452, -8.59523805920491","9 Glincool Crescent, Maglin"
Daffodil Fields,Daffodil Fields,25,470000,2018-03-28,Second-Hand,"51.89114262893351, -8.573402430369397","25 Daffodil Fields, Daffodil Fields"
Town Center,Chapel Lane Row,2a,450000,2021-05-25,Second-Hand,"51.8878563321983, -8.600737381727024","2a Chapel Lane Row, Town Center"
Old Quarter,Coopers Grange,107,520000,2021-05-24,Second-Hand,"51.89008441064981, -8.590014945710507","107 Coopers Grange, Old Quarter"
Heathfield,The Avenue,49,385000,2021-05-20,New Build,"51.88275370396547, -8.57522707085204","49 The Avenue, Heathfield"
The Crescent,The Crescent,17,275000,2018-08-24,Second-Hand,"51.88974689003794, -8.592724974545812","17 The Crescent, The Crescent"
Old Quarter,Coopers Grange,43,250000,2018-08-23,Second-Hand,"51.89008441064981, -8.590014945710507","43 Coopers Grange, Old Quarter"
Beech Park,Beech Park,118,261000,2018-08-22,Second-Hand,"51.884462825784524, -8.586660730369518","118 Beech Park, Beech Park"
Daffodil Fields,Daffodil Fields,27,465000,2018-08-20,Second-Hand,"51.89114262893351, -8.573402430369397","27 Daffodil Fields, Daffodil Fields"
Fionn Laoi,Woodview,19,400000,2018-08-16,New Build,"51.89295672639931, -8.577244778805012","19 Woodview, Fionn Laoi"
An Caislean,Caislean Drive,73,280000,2019-10-31,Second-Hand,"51.88419579207018, -8.604721941977742","73 Caislean Drive, An Caislean"
Carriganarra,Carriganarra,4,325000,2019-10-30,Second-Hand,"51.88456579585057, -8.579854607281877","4 Carriganarra, Carriganarra"
Maglin,Glincool Villas,9,260000,2019-10-29,Second-Hand,"51.88135112776452, -8.59523805920491","9 Glincool Villas, Maglin"
Old Quarter,Leslies Arch,102,275000,2019-10-29,Second-Hand,"51.89008441064981, -8.590014945710507","102 Leslies Arch, Old Quarter"
Castlepark,Castlepark,42,185000,2019-10-28,Second-Hand,"51.88653927567583, -8.585310716875346","42 Castlepark, Castlepark"
Greenfield,Oldcourt,4,433000,2019-10-25,Second-Hand,"51.88072634468435, -8.611355403381312","4 Oldcourt, Greenfield"
Old Quarter,Millers Court,61,399999,2019-10-25,New Build,"51.89008441064981, -8.590014945710507","61 Millers Court, Old Quarter"
Westcourt,Westcourt Heights,63,213000,2019-03-15,Second-Hand,"51.88681255417706, -8.616295628522487","63 Westcourt Heights, Westcourt"
Old Quarter,Waltham Abbey,6,600000,2019-03-15,Second-Hand,"51.89008441064981, -8.590014945710507","6 Waltham Abbey, Old Quarter"
Town Center,Poulavone,,325000,2019-03-15,Second-Hand,"51.8878563321983, -8.600737381727024"," Poulavone, Town Center"
Coolroe,The Avenue,8,266000,2019-03-15,Second-Hand,"51.885279789132504, -8.622716969745719","8 The Avenue, Coolroe"
Classis Lake,The Oaks,12,368000,2019-03-14,Second-Hand,"51.88586099008718, -8.62822296864587","12 The Oaks, Classis Lake"
Old Quarter,Leslies Arch,147,260000,2019-03-14,Second-Hand,"51.89008441064981, -8.590014945710507","147 Leslies Arch, Old Quarter"
Greystones,Greystones,40,280000,2018-12-14,Second-Hand,"51.88708566318779, -8.572495537963082","40 Greystones, Greystones"
Fionn Laoi,Woodview,12,345000,2018-12-12,New Build,"51.89295672639931, -8.577244778805012","12 Woodview, Fionn Laoi"
Town Center,Silverwood,2,255000,2018-12-07,Second-Hand,"51.8878563321983, -8.600737381727024","2 Silverwood, Town Center"
Old Quarter,Millers Court,46,410000,2018-12-05,Second-Hand,"51.89008441064981, -8.590014945710507","46 Millers Court, Old Quarter"
Old Quarter,Millers Court,22,355000,2018-12-05,Second-Hand,"51.89008441064981, -8.590014945710507","22 Millers Court, Old Quarter"
Muskerry Estate,Cherry Walk,37,258000,2018-12-05,Second-Hand,"51.885514844369936, -8.596310161258103","37 Cherry Walk, Muskerry Estate"
Powdermills,Powdermill Meadows,4,335000,2018-12-04,New Build,"51.89225015549648, -8.586096438526356","4 Powdermill Meadows, Powdermills"
Old Quarter,Millers Court,60,400000,2020-02-18,New Build,"51.89008441064981, -8.590014945710507","60 Millers Court, Old Quarter"
Westgrove,Westgrove,26,205666,2020-02-14,Second-Hand,"51.88676931020199, -8.6146432996872","26 Westgrove, Westgrove"
Coolroe,The Stables,17,352000,2020-02-10,Second-Hand,"51.885279789132504, -8.622716969745719","17 The Stables, Coolroe"
Aylsbury,Aylsbury,39,300000,2020-02-10,Second-Hand,"51.88284449037205, -8.620440916875388","39 Aylsbury, Aylsbury"
Heathfield,The Avenue,10,325000,2020-02-06,New Build,"51.88275370396547, -8.57522707085204","10 The Avenue, Heathfield"
Leesdale Court,Leesdale Court,16,294000,2020-02-06,Second-Hand,"51.89042385266594, -8.583049957357712","16 Leesdale Court, Leesdale Court"
An Caislean,Tara An Caisleain,1,207000,2020-02-05,Second-Hand,"51.88419579207018, -8.604721941977742","1 Tara An Caisleain, An Caislean"
Parknamore,Parknamore Rise,21,266200,2019-07-18,Second-Hand,"51.88458744794133, -8.609309161051812","21 Parknamore Rise, Parknamore"
Old Quarter,Millers Court,59,406883,2019-07-18,New Build,"51.89008441064981, -8.590014945710507","59 Millers Court, Old Quarter"
Greenfields,Fernwalk,7,630000,2019-07-15,Second-Hand,"51.87941701969475, -8.620193493581136","7 Fernwalk, Greenfields"
The Cloisters,The Cloisters,20,280000,2019-07-12,Second-Hand,"51.88453436126935, -8.578108099687265","20 The Cloisters, The Cloisters"
Coolroe,The Lawn,35,332000,2019-07-12,Second-Hand,"51.885279789132504, -8.622716969745719","35 The Lawn, Coolroe"
Old Quarter,The Cresent,52,253000,2019-07-10,Second-Hand,"51.89008441064981, -8.590014945710507","52 The Cresent, Old Quarter"
Parknamore,Parknamore Rise,23,265000,2019-07-10,Second-Hand,"51.88458744794133, -8.609309161051812","23 Parknamore Rise, Parknamore"
Inniscarra View,Woodbine Lawn,15,287500,2020-07-29,Second-Hand,"51.88901621244116, -8.572065214668026","15 Woodbine Lawn, Inniscarra View"
Old Quarter,Millers Court,71,420000,2020-07-29,Second-Hand,"51.89008441064981, -8.590014945710507","71 Millers Court, Old Quarter"
Maglin,Glincool Grove,11,273000,2020-07-28,Second-Hand,"51.88135112776452, -8.59523805920491","11 Glincool Grove, Maglin"
Hazel Grove,Hazel Grove,3,170000,2020-07-27,Second-Hand,"51.88270220033945, -8.594207045710691","3 Hazel Grove, Hazel Grove"
Greystones,Greystones,21,262000,2020-12-09,Second-Hand,"51.88708566318779, -8.572495537963082","21 Greystones, Greystones"
Station Road,Station Road,,310000,2020-12-09,Second-Hand,"51.885856656204545, -8.590996730369481"," Station Road, Station Road"
Daffodil Fields,Daffodil Fields,45,373000,2020-12-09,Second-Hand,"51.89114262893351, -8.573402430369397","45 Daffodil Fields, Daffodil Fields"
The Maltings,Distillery Court,35,205000,2020-12-07,Second-Hand,"51.88503727921537, -8.591352822622822","35 Distillery Court, The Maltings"
Old Quarter,Coopers Grange,10,280000,2018-03-26,Second-Hand,"51.89008441064981, -8.590014945710507","10 Coopers Grange, Old Quarter"
Old Quarter,Millers Court,71,384820,2018-03-22,New Build,"51.89008441064981, -8.590014945710507","71 Millers Court, Old Quarter"
Old Quarter,Leslies Arch Old Quarter,18,190000,2018-03-18,Second-Hand,"51.89008441064981, -8.590014945710507","18 Leslies Arch Old Quarter, Old Quarter"
Aylsbury,Aylsbury Avenue,14,345000,2018-03-16,Second-Hand,"51.88284449037205, -8.620440916875388","14 Aylsbury Avenue, Aylsbury"
Coolroe,Willow Grove,47,318000,2021-05-14,Second-Hand,"51.885279789132504, -8.622716969745719","47 Willow Grove, Coolroe"
Carrigrohanebeg,The Willows,199,261500,2021-05-07,Second-Hand,"51.89309917070151, -8.580849757357647","199 The Willows, Carrigrohanebeg"
An Caislean,An Caislean Heights,157,200000,2021-04-29,Second-Hand,"51.88419579207018, -8.604721941977742","157 An Caislean Heights, An Caislean"
Highfield,Highfield Park,7,317000,2021-04-27,Second-Hand,"51.88483134751023, -8.573114016875365","7 Highfield Park, Highfield"
Innishmore,Innishmore Grove,35,188000,2021-04-22,Second-Hand,"51.88897474404985, -8.608958999892096","35 Innishmore Grove, Innishmore"
Wyndham Downs,Wyndham Downs,43,300000,2021-04-22,Second-Hand,"51.88594295587414, -8.620296147557605","43 Wyndham Downs, Wyndham Downs"
Old Quarter,Millers Court,62,360000,2018-08-10,New Build,"51.89008441064981, -8.590014945710507","62 Millers Court, Old Quarter"
Coolroe,The Close,34,360000,2018-08-03,Second-Hand,"51.885279789132504, -8.622716969745719","34 The Close, Coolroe"
The Cloisters,The Cloisters,26,335000,2018-08-03,Second-Hand,"51.88453436126935, -8.578108099687265","26 The Cloisters, The Cloisters"
Old Quarter,Millers Court,63,350000,2018-07-27,New Build,"51.89008441064981, -8.590014945710507","63 Millers Court, Old Quarter"
Old Quarter,Leslies Arch,81,395000,2018-07-27,Second-Hand,"51.89008441064981, -8.590014945710507","81 Leslies Arch, Old Quarter"
Old Quarter,Millers Court,64,399999,2018-07-24,New Build,"51.89008441064981, -8.590014945710507","64 Millers Court, Old Quarter"
Fionn Laoi,Woodview,30,350000,2018-07-24,New Build,"51.89295672639931, -8.577244778805012","30 Woodview, Fionn Laoi"
West Village,Kiermena,1,540000,2019-10-25,Second-Hand,"51.88675485217772, -8.606397553304374","1 Kiermena, West Village"
The Cloisters,The Cloisters,92,270000,2019-10-24,Second-Hand,"51.88453436126935, -8.578108099687265","92 The Cloisters, The Cloisters"
The Quadrants,North East Quadrants,168,194000,2019-10-24,Second-Hand,"51.8890702782036, -8.589706799326772","168 North East Quadrants, The Quadrants"
Town Center,Church View,65,227500,2019-03-12,Second-Hand,"51.8878563321983, -8.600737381727024","65 Church View, Town Center"
Avoncourt,Avoncourt,13,330000,2019-03-11,Second-Hand,"51.88515208061713, -8.612719189887075","13 Avoncourt, Avoncourt"
Old Quarter,Coopers Grange,32b,255000,2019-03-11,New Build,"51.89008441064981, -8.590014945710507","32b Coopers Grange, Old Quarter"
Muskerry Estate,Holly Road,19,290000,2019-03-11,Second-Hand,"51.885514844369936, -8.596310161258103","19 Holly Road, Muskerry Estate"
Town Center,Main Street,,120000,2018-12-03,Second-Hand,"51.8878563321983, -8.600737381727024"," Main Street, Town Center"
Westcourt,Bellview,1,403000,2018-11-30,Second-Hand,"51.88681255417706, -8.616295628522487","1 Bellview, Westcourt"
An Caislean,Caislean Close,8,262000,2018-11-30,Second-Hand,"51.88419579207018, -8.604721941977742","8 Caislean Close, An Caislean"
Coolroe,Coolroe Court,1,507000,2018-11-28,New Build,"51.885279789132504, -8.622716969745719","1 Coolroe Court, Coolroe"
The Cloisters,The Cloisters,60,265000,2018-11-27,Second-Hand,"51.88453436126935, -8.578108099687265","60 The Cloisters, The Cloisters"
Maglin,Maglin Green,1,475000,2020-02-04,New Build,"51.88135112776452, -8.59523805920491","1 Maglin Green, Maglin"
An Caislean,An Caislean,191,255000,2020-02-03,Second-Hand,"51.88419579207018, -8.604721941977742","191 An Caislean, An Caislean"
Old Quarter,Coopers Grange,14,415000,2020-01-30,Second-Hand,"51.89008441064981, -8.590014945710507","14 Coopers Grange, Old Quarter"
The Crescent,The Crescent,23,323000,2020-01-30,Second-Hand,"51.88974689003794, -8.592724974545812","23 The Crescent, The Crescent"
Old Quarter,Leslies Arch,30,372500,2020-01-30,Second-Hand,"51.89008441064981, -8.590014945710507","30 Leslies Arch, Old Quarter"
Old Quarter,Leslies Arch,145,295000,2019-07-04,Second-Hand,"51.89008441064981, -8.590014945710507","145 Leslies Arch, Old Quarter"
An Caislean,An Caislain Grove,90,242000,2019-07-03,Second-Hand,"51.88419579207018, -8.604721941977742","90 An Caislain Grove, An Caislean"
An Caislean,An Caislean,77,255000,2019-06-28,Second-Hand,"51.88419579207018, -8.604721941977742","77 An Caislean, An Caislean"
An Caislean,An Caislean Way,113,250000,2019-06-27,Second-Hand,"51.88419579207018, -8.604721941977742","113 An Caislean Way, An Caislean"
Old Quarter,Coopers Grange,21,359999,2019-06-27,New Build,"51.89008441064981, -8.590014945710507","21 Coopers Grange, Old Quarter"
Coolroe,The Lawn,31,270000,2019-06-25,Second-Hand,"51.885279789132504, -8.622716969745719","31 The Lawn, Coolroe"
Classis Lake,The Sycamores,35,291000,2020-07-24,Second-Hand,"51.88586099008718, -8.62822296864587","35 The Sycamores, Classis Lake"
Greenfield,Greenfield House,1,295000,2020-07-24,Second-Hand,"51.88072634468435, -8.611355403381312","1 Greenfield House, Greenfield"
Carriganarra,Carriganarra,,550000,2020-07-15,Second-Hand,"51.88456579585057, -8.579854607281877"," Carriganarra, Carriganarra"
The Maltings,Barley Grove,27,257000,2020-06-24,Second-Hand,"51.88503727921537, -8.591352822622822","27 Barley Grove, The Maltings"
Maglin,Maglin Green,6,385000,2020-06-19,New Build,"51.88135112776452, -8.59523805920491","6 Maglin Green, Maglin"
Heathfield,The Avenue,32,380000,2020-12-04,New Build,"51.88275370396547, -8.57522707085204","32 The Avenue, Heathfield"
Old Quarter,The Cresent Old Fort Road,16,260000,2020-12-03,Second-Hand,"51.89008441064981, -8.590014945710507","16 The Cresent Old Fort Road, Old Quarter"
Maglin,Glincool Villas,2,285000,2020-12-02,Second-Hand,"51.88135112776452, -8.59523805920491","2 Glincool Villas, Maglin"
Old Quarter,Coopers Grange,1,499999,2020-12-01,New Build,"51.89008441064981, -8.590014945710507","1 Coopers Grange, Old Quarter"
Old Quarter,Leslies Arch,107,326000,2020-12-01,Second-Hand,"51.89008441064981, -8.590014945710507","107 Leslies Arch, Old Quarter"
Classis Lake,Chestnut Cresent,9,500000,2018-03-15,Second-Hand,"51.88586099008718, -8.62822296864587","9 Chestnut Cresent, Classis Lake"
Rosewood,Rosewood,8,235000,2018-03-09,Second-Hand,"51.88865181082447, -8.575978970851866","8 Rosewood, Rosewood"
Muskerry Estate,Park Road,11,275000,2018-03-07,Second-Hand,"51.885514844369936, -8.596310161258103","11 Park Road, Muskerry Estate"
Old Quarter,Millers Court,106,485000,2018-02-28,New Build,"51.89008441064981, -8.590014945710507","106 Millers Court, Old Quarter"
Coolroe,Old Quarry,15,215000,2018-02-28,Second-Hand,"51.885279789132504, -8.622716969745719","15 Old Quarry, Coolroe"
Greenfields,Fernwalk,46,865000,2021-04-21,Second-Hand,"51.87941701969475, -8.620193493581136","46 Fernwalk, Greenfields"
Maglin,Maglin Green,7,420000,2021-04-19,New Build,"51.88135112776452, -8.59523805920491","7 Maglin Green, Maglin"
Muskerry Estate,Castle Avenue,41,300000,2021-04-09,Second-Hand,"51.885514844369936, -8.596310161258103","41 Castle Avenue, Muskerry Estate"
The Crescent,The Crescent,23,270000,2021-04-08,Second-Hand,"51.88974689003794, -8.592724974545812","23 The Crescent, The Crescent"
Greystones,Greystones,29,265000,2021-04-01,Second-Hand,"51.88708566318779, -8.572495537963082","29 Greystones, Greystones"
Coolroe,Old Quarry,17,248000,2021-04-01,Second-Hand,"51.885279789132504, -8.622716969745719","17 Old Quarry, Coolroe"
Inniscarra View,Sweetbriar Lane,9,317000,2021-03-31,Second-Hand,"51.88901621244116, -8.572065214668026","9 Sweetbriar Lane, Inniscarra View"
Town Center,Rowan House,1,465000,2021-03-30,Second-Hand,"51.8878563321983, -8.600737381727024","1 Rowan House, Town Center"
Cois Na Cora,Cois Na Cora,9,274000,2021-03-29,Second-Hand,"51.89115617169389, -8.586177713181245","9 Cois Na Cora, Cois Na Cora"
Town Center,East Gate,,200000,2018-07-20,Second-Hand,"51.8878563321983, -8.600737381727024"," East Gate, Town Center"
Coolroe,The Stables,14,330000,2018-07-20,Second-Hand,"51.885279789132504, -8.622716969745719","14 The Stables, Coolroe"
Muskerry Estate,Castle Avenue,26,290000,2018-07-20,Second-Hand,"51.885514844369936, -8.596310161258103","26 Castle Avenue, Muskerry Estate"
Old Quarter,Millers Court,65,399999,2018-07-16,New Build,"51.89008441064981, -8.590014945710507","65 Millers Court, Old Quarter"
Fionn Laoi,Woodview,35,350000,2018-07-13,New Build,"51.89295672639931, -8.577244778805012","35 Woodview, Fionn Laoi"
Muskerry Estate,Castle Avenue,59,270000,2019-10-23,Second-Hand,"51.885514844369936, -8.596310161258103","59 Castle Avenue, Muskerry Estate"
Heathfield,The Mews,23,369999,2019-10-22,New Build,"51.88275370396547, -8.57522707085204","23 The Mews, Heathfield"
Old Quarter,Leslies Arch Old Quarter,4,395000,2019-10-21,Second-Hand,"51.89008441064981, -8.590014945710507","4 Leslies Arch Old Quarter, Old Quarter"
Greystones,Greystones,17,265000,2019-10-17,Second-Hand,"51.88708566318779, -8.572495537963082","17 Greystones, Greystones"
Shalimar Court,Shalimar Court,4,257500,2019-10-17,Second-Hand,"51.88896130535807, -8.578969730369383","4 Shalimar Court, Shalimar Court"
Old Quarter,Coopers Grange,32a,255000,2019-03-08,New Build,"51.89008441064981, -8.590014945710507","32a Coopers Grange, Old Quarter"
An Caislean,Tara,19,230000,2019-03-08,Second-Hand,"51.88419579207018, -8.604721941977742","19 Tara, An Caislean"
Old Quarter,Coopers Grange,31,336683,2019-03-06,New Build,"51.89008441064981, -8.590014945710507","31 Coopers Grange, Old Quarter"
Coolroe,Prospect Lawn Coolroe,22,605000,2019-03-01,Second-Hand,"51.885279789132504, -8.622716969745719","22 Prospect Lawn Coolroe, Coolroe"
Leesdale Court,Leesdale Court,10,256000,2019-02-25,Second-Hand,"51.89042385266594, -8.583049957357712","10 Leesdale Court, Leesdale Court"
Coolroe,The Green,42,365000,2019-02-22,Second-Hand,"51.885279789132504, -8.622716969745719","42 The Green, Coolroe"
An Caislean,An Caislean View,156,270000,2019-02-21,Second-Hand,"51.88419579207018, -8.604721941977742","156 An Caislean View, An Caislean"
Classis Lake,Oak Drive,13,280000,2018-11-26,Second-Hand,"51.88586099008718, -8.62822296864587","13 Oak Drive, Classis Lake"
Carrigrohane,Father Sexton Place,10,130000,2018-11-20,Second-Hand,"51.89118108080445, -8.570433423222292","10 Father Sexton Place, Carrigrohane"
Fionn Laoi,Woodview,18,400000,2018-11-19,New Build,"51.89295672639931, -8.577244778805012","18 Woodview, Fionn Laoi"
Fionn Laoi,Woodview Fionn Laoi,4,340000,2018-11-16,New Build,"51.89295672639931, -8.577244778805012","4 Woodview Fionn Laoi, Fionn Laoi"
Old Quarter,Millers Court,47,376000,2018-11-08,Second-Hand,"51.89008441064981, -8.590014945710507","47 Millers Court, Old Quarter"
Coolroe,The Close,40,305000,2020-01-21,Second-Hand,"51.885279789132504, -8.622716969745719","40 The Close, Coolroe"
Rosewood,Rosewood Estate,118,292500,2020-01-20,Second-Hand,"51.88865181082447, -8.575978970851866","118 Rosewood Estate, Rosewood"
Church View,Churchview,7,240000,2020-01-17,Second-Hand,"51.88549636879165, -8.592625889887055","7 Churchview, Church View"
Old Quarter,Leslies Arch,91,330500,2020-01-15,Second-Hand,"51.89008441064981, -8.590014945710507","91 Leslies Arch, Old Quarter"
Old Quarter,Leslies Arch,73,390000,2020-01-14,Second-Hand,"51.89008441064981, -8.590014945710507","73 Leslies Arch, Old Quarter"
Westcourt,Westcourt Heights,92,300000,2020-01-08,Second-Hand,"51.88681255417706, -8.616295628522487","92 Westcourt Heights, Westcourt"
Manor Hill,Manor Hill,35,255000,2019-06-25,Second-Hand,"51.89121035709487, -8.575907457357648","35 Manor Hill, Manor Hill"
Muskerry Estate,Castle Avenue,12,255000,2020-06-12,Second-Hand,"51.885514844369936, -8.596310161258103","12 Castle Avenue, Muskerry Estate"
Old Quarter,Coopers Grange,4,539125,2020-06-05,New Build,"51.89008441064981, -8.590014945710507","4 Coopers Grange, Old Quarter"
The Crescent,The Crescent,35,375000,2020-06-04,New Build,"51.88974689003794, -8.592724974545812","35 The Crescent, The Crescent"
Maglin,Maglin Green,4,377983,2020-06-02,New Build,"51.88135112776452, -8.59523805920491","4 Maglin Green, Maglin"
The Maltings,Distillery Court,19,211000,2020-05-29,Second-Hand,"51.88503727921537, -8.591352822622822","19 Distillery Court, The Maltings"
Old Quarter,Coopers Grange,5,476161,2020-05-29,New Build,"51.89008441064981, -8.590014945710507","5 Coopers Grange, Old Quarter"
An Caislean,An Caislean Drive,31,240000,2020-05-21,Second-Hand,"51.88419579207018, -8.604721941977742","31 An Caislean Drive, An Caislean"
Greenfields,Tuain Glas,46,225000,2020-11-27,Second-Hand,"51.87941701969475, -8.620193493581136","46 Tuain Glas, Greenfields"
An Caislean,An Caislean,60,255600,2020-11-26,Second-Hand,"51.88419579207018, -8.604721941977742","60 An Caislean, An Caislean"
Carrigrohanebeg,The Willows,182,268000,2020-11-19,Second-Hand,"51.89309917070151, -8.580849757357647","182 The Willows, Carrigrohanebeg"
Old Quarter,Millers Court,82,375000,2020-11-17,Second-Hand,"51.89008441064981, -8.590014945710507","82 Millers Court, Old Quarter"
Beech Park,Cranford Pines,27,290000,2020-11-13,Second-Hand,"51.884462825784524, -8.586660730369518","27 Cranford Pines, Beech Park"
Greystones,Greystones,48,285000,2020-11-12,Second-Hand,"51.88708566318779, -8.572495537963082","48 Greystones, Greystones"
Heathfield,The Avenue,31,379999,2020-11-09,New Build,"51.88275370396547, -8.57522707085204","31 The Avenue, Heathfield"
Maglin,Maglin Drive,6,400000,2020-11-06,Second-Hand,"51.88135112776452, -8.59523805920491","6 Maglin Drive, Maglin"
Station Road,Tudor Grove,1a,357500,2021-03-26,Second-Hand,"51.885856656204545, -8.590996730369481","1a Tudor Grove, Station Road"
Maglin,Maglin Green,13,394999,2021-03-23,New Build,"51.88135112776452, -8.59523805920491","13 Maglin Green, Maglin"
Mukerry Estate,Castle Avenue,56,300000,2021-03-23,Second-Hand,"51.88554133320571, -8.596438907281483","56 Castle Avenue, Mukerry Estate"
Carrigrohanebeg,The Willows,188,268000,2021-03-23,Second-Hand,"51.89309917070151, -8.580849757357647","188 The Willows, Carrigrohanebeg"
An Caislean,Caislean Close,24,252500,2021-03-23,Second-Hand,"51.88419579207018, -8.604721941977742","24 Caislean Close, An Caislean"
Maglin,Maglin Green,8,339999,2021-03-19,New Build,"51.88135112776452, -8.59523805920491","8 Maglin Green, Maglin"
An Caislean,An Caislean Way,108,302000,2021-03-19,Second-Hand,"51.88419579207018, -8.604721941977742","108 An Caislean Way, An Caislean"
The Maltings,Granary Court,20,210000,2021-03-19,Second-Hand,"51.88503727921537, -8.591352822622822","20 Granary Court, The Maltings"
Glendower Court,Glendower Court,61,300000,2021-03-16,Second-Hand,"51.89097713659068, -8.579260601534097","61 Glendower Court, Glendower Court"
Coolroe,The Lawn,65,325000,2021-03-16,Second-Hand,"51.885279789132504, -8.622716969745719","65 The Lawn, Coolroe"
Old Quarter,Coopers Grange,35,392710,2019-10-16,New Build,"51.89008441064981, -8.590014945710507","35 Coopers Grange, Old Quarter"
Coolroe,The Lawn,33,267500,2019-10-10,Second-Hand,"51.885279789132504, -8.622716969745719","33 The Lawn, Coolroe"
The Cloisters,The Cloisters,2,270000,2019-10-04,Second-Hand,"51.88453436126935, -8.578108099687265","2 The Cloisters, The Cloisters"
Wyndham Downs,Wyndham Downs,30,325000,2019-10-02,Second-Hand,"51.88594295587414, -8.620296147557605","30 Wyndham Downs, Wyndham Downs"
Old Quarter,The Cresent,7,370000,2019-10-02,New Build,"51.89008441064981, -8.590014945710507","7 The Cresent, Old Quarter"
Old Quarter,Coopers Grange Old Quarter,74,315000,2019-09-30,Second-Hand,"51.89008441064981, -8.590014945710507","74 Coopers Grange Old Quarter, Old Quarter"
Classis Lake,The Sycamores,10,260000,2020-01-06,Second-Hand,"51.88586099008718, -8.62822296864587","10 The Sycamores, Classis Lake"
Coolroe,The Vale,7,488000,2019-12-20,Second-Hand,"51.885279789132504, -8.622716969745719","7 The Vale, Coolroe"
Town Center,Time Square,12b,140000,2019-12-19,Second-Hand,"51.8878563321983, -8.600737381727024","12b Time Square, Town Center"
Heathfield,The Avenue,3,380000,2019-12-19,New Build,"51.88275370396547, -8.57522707085204","3 The Avenue, Heathfield"
Coolroe,The Green,51,331000,2019-12-18,Second-Hand,"51.885279789132504, -8.622716969745719","51 The Green, Coolroe"
Old Quarter,The Cresent,11,260000,2019-12-17,Second-Hand,"51.89008441064981, -8.590014945710507","11 The Cresent, Old Quarter"
Shalimar Court,Shalimar Court,11,269000,2020-05-18,Second-Hand,"51.88896130535807, -8.578969730369383","11 Shalimar Court, Shalimar Court"
Old Quarter,Leslies Arch,64,233000,2020-05-13,Second-Hand,"51.89008441064981, -8.590014945710507","64 Leslies Arch, Old Quarter"
Maglin,Maglin Green,5,385000,2020-05-08,New Build,"51.88135112776452, -8.59523805920491","5 Maglin Green, Maglin"
Classis Lake,Berryfield,8,350000,2020-05-08,Second-Hand,"51.88586099008718, -8.62822296864587","8 Berryfield, Classis Lake"
Beech Park,Beech Park,70,232000,2020-05-07,Second-Hand,"51.884462825784524, -8.586660730369518","70 Beech Park, Beech Park"
Coolroe,Coolroe Heights,12,282000,2020-04-28,Second-Hand,"51.885279789132504, -8.622716969745719","12 Coolroe Heights, Coolroe"
Aylsbury,Aylsbury Lawn,1,387000,2020-04-24,Second-Hand,"51.88284449037205, -8.620440916875388","1 Aylsbury Lawn, Aylsbury"
Manor Hill,Manor Hill,20,320000,2020-04-24,Second-Hand,"51.89121035709487, -8.575907457357648","20 Manor Hill, Manor Hill"
Old Quarter,Leslies Arch,34,400000,2020-04-15,Second-Hand,"51.89008441064981, -8.590014945710507","34 Leslies Arch, Old Quarter"
Old Quarter,Millers Court,27,550000,2020-04-15,Second-Hand,"51.89008441064981, -8.590014945710507","27 Millers Court, Old Quarter"
Old Quarter,Coopers Grange,8,452925,2020-11-05,New Build,"51.89008441064981, -8.590014945710507","8 Coopers Grange, Old Quarter"
Beech Park,Beech Park,91,245000,2020-10-23,Second-Hand,"51.884462825784524, -8.586660730369518","91 Beech Park, Beech Park"
Maglin,Maglin Green,12,395000,2020-10-22,New Build,"51.88135112776452, -8.59523805920491","12 Maglin Green, Maglin"
Old Quarter,Leslies Arch,41,252500,2020-10-22,Second-Hand,"51.89008441064981, -8.590014945710507","41 Leslies Arch, Old Quarter"
Coolroe,Coolroe Heights,27,350000,2020-10-21,Second-Hand,"51.885279789132504, -8.622716969745719","27 Coolroe Heights, Coolroe"
Old Quarter,Coopers Grange,29,400000,2020-10-21,New Build,"51.89008441064981, -8.590014945710507","29 Coopers Grange, Old Quarter"
The Crescent,The Crescent,24,385000,2020-10-15,Second-Hand,"51.88974689003794, -8.592724974545812","24 The Crescent, The Crescent"
Classis Lake,The Oaks,23,400000,2021-03-16,Second-Hand,"51.88586099008718, -8.62822296864587","23 The Oaks, Classis Lake"
Coolroe,Coolroe Heights,32,282000,2021-03-08,Second-Hand,"51.885279789132504, -8.622716969745719","32 Coolroe Heights, Coolroe"
The Quadrants,North East,125,182500,2021-03-02,Second-Hand,"51.8890702782036, -8.589706799326772","125 North East, The Quadrants"
Rosewood,Rosewood,9,320000,2021-03-01,Second-Hand,"51.88865181082447, -8.575978970851866","9 Rosewood, Rosewood"
Rosewood,Rosewood,10,277000,2021-02-26,Second-Hand,"51.88865181082447, -8.575978970851866","10 Rosewood, Rosewood"
Shalimar Court,Shalimar Court,10,220000,2020-04-14,Second-Hand,"51.88896130535807, -8.578969730369383","10 Shalimar Court, Shalimar Court"
Westcourt,Westcourt,67,377000,2020-04-09,Second-Hand,"51.88681255417706, -8.616295628522487","67 Westcourt, Westcourt"
